Email,Opportunity title,Owner name,Host,CLAIM_URL,Slug
mjones@mpihq.com,"Minuteman Press franchise","Minuteman Press franchise","Minuteman Press","https://www.thenetworkeruk.com/opportunities/minuteman-press-franchise?email=mjones%40mpihq.com&intent=opportunity-claim&auth=register&next=%2Forganiser%2F%3Fonboard%3Dopportunity-claim","minuteman-press-franchise"
stuart@mobileinventory.co.uk,"Mobile Inventory Services Franchise","Mobile Inventory Services Franchise","Mobile Inventory Services","https://www.thenetworkeruk.com/opportunities/mobile-inventory-services-franchise?email=stuart%40mobileinventory.co.uk&intent=opportunity-claim&auth=register&next=%2Forganiser%2F%3Fonboard%3Dopportunity-claim","mobile-inventory-services-franchise"
mike@moneycollectors.co.uk,"Money Collectors Franchise","Money Collectors Franchise","Money Collectors","https://www.thenetworkeruk.com/opportunities/money-collectors-franchise?email=mike%40moneycollectors.co.uk&intent=opportunity-claim&auth=register&next=%2Forganiser%2F%3Fonboard%3Dopportunity-claim","money-collectors-franchise"
franchise@mpdn.co.uk,"Monkey Puzzle Franchise","Monkey Puzzle Franchise","Monkey Puzzle Day Nurseries","https://www.thenetworkeruk.com/opportunities/monkey-puzzle-franchise?email=franchise%40mpdn.co.uk&intent=opportunity-claim&auth=register&next=%2Forganiser%2F%3Fonboard%3Dopportunity-claim","monkey-puzzle-franchise"
eric.khaw@mooboo.co,"Mooboo Bubble Tea Franchise","Mooboo Bubble Tea Franchise","Mooboo Bubble Tea","https://www.thenetworkeruk.com/opportunities/mooboo-bubble-tea-franchise?email=eric.khaw%40mooboo.co&intent=opportunity-claim&auth=register&next=%2Forganiser%2F%3Fonboard%3Dopportunity-claim","mooboo-bubble-tea-franchise"
liam@mtll.co.uk,"More Than Loft Ladders Franchise","More Than Loft Ladders Franchise","More Than Loft Ladders","https://www.thenetworkeruk.com/opportunities/more-than-loft-ladders-franchise?email=liam%40mtll.co.uk&intent=opportunity-claim&auth=register&next=%2Forganiser%2F%3Fonboard%3Dopportunity-claim","more-than-loft-ladders-franchise"
join@mrandmrsclarke.com,"Mr and Mrs Clarke Franchise","Mr and Mrs Clarke Franchise","Mr and Mrs Clarke","https://www.thenetworkeruk.com/opportunities/mr-and-mrs-clarke-franchise?email=join%40mrandmrsclarke.com&intent=opportunity-claim&auth=register&next=%2Forganiser%2F%3Fonboard%3Dopportunity-claim","mr-and-mrs-clarke-franchise"
karen@mppfranchise.co.uk,"My Property Pros Franchise","My Property Pros Franchise","My Property Pros","https://www.thenetworkeruk.com/opportunities/my-property-pros-franchise?email=karen%40mppfranchise.co.uk&intent=opportunity-claim&auth=register&next=%2Forganiser%2F%3Fonboard%3Dopportunity-claim","my-property-pros-franchise"
leila@thegroomingcompany.com,"N.Bar Franchise","N.Bar Franchise","N.Bar","https://www.thenetworkeruk.com/opportunities/n-bar-franchise?email=leila%40thegroomingcompany.com&intent=opportunity-claim&auth=register&next=%2Forganiser%2F%3Fonboard%3Dopportunity-claim","n-bar-franchise"
franchising@belvoirfranchisegroup.co.uk,"Newton Fallowell Franchise","Newton Fallowell Franchise","Newton Fallowell","https://www.thenetworkeruk.com/opportunities/newton-fallowell-franchise?email=franchising%40belvoirfranchisegroup.co.uk&intent=opportunity-claim&auth=register&next=%2Forganiser%2F%3Fonboard%3Dopportunity-claim","newton-fallowell-franchise"
pharrison@nicgroup.co.uk,"NIC Local Franchise","NIC Local Franchise","NIC Local","https://www.thenetworkeruk.com/opportunities/nic-local-franchise?email=pharrison%40nicgroup.co.uk&intent=opportunity-claim&auth=register&next=%2Forganiser%2F%3Fonboard%3Dopportunity-claim","nic-local-franchise"
rob.smith@propertyfranchise.co.uk,"Nicholas Humphries Franchise","Nicholas Humphries Franchise","Part of the Property Franchise Group","https://www.thenetworkeruk.com/opportunities/nicholas-humphries-franchise?email=rob.smith%40propertyfranchise.co.uk&intent=opportunity-claim&auth=register&next=%2Forganiser%2F%3Fonboard%3Dopportunity-claim","nicholas-humphries-franchise"
neil@nimble-elearning.com,"Nimble Elearning Franchise","Nimble Elearning Franchise","Nimble Elearning","https://www.thenetworkeruk.com/opportunities/nimble-elearning-franchise?email=neil%40nimble-elearning.com&intent=opportunity-claim&auth=register&next=%2Forganiser%2F%3Fonboard%3Dopportunity-claim","nimble-elearning-franchise"
justinetomlinson@nolettinggo.co.uk,"No Letting Go Franchise","No Letting Go Franchise","No Letting Go","https://www.thenetworkeruk.com/opportunities/no-letting-go-franchise?email=justinetomlinson%40nolettinggo.co.uk&intent=opportunity-claim&auth=register&next=%2Forganiser%2F%3Fonboard%3Dopportunity-claim","no-letting-go-franchise"
franchisesupport@belvoirgroup.com,"Northwood Franchise","Northwood Franchise","Northwood","https://www.thenetworkeruk.com/opportunities/northwood-franchise?email=franchisesupport%40belvoirgroup.com&intent=opportunity-claim&auth=register&next=%2Forganiser%2F%3Fonboard%3Dopportunity-claim","northwood-franchise"
franchising@nursenextdoorfranchise.co.uk,"Nurse Next Door Franchise","Nurse Next Door Franchise","Nurse Next Door","https://www.thenetworkeruk.com/opportunities/nurse-next-door-franchise?email=franchising%40nursenextdoorfranchise.co.uk&intent=opportunity-claim&auth=register&next=%2Forganiser%2F%3Fonboard%3Dopportunity-claim","nurse-next-door-franchise"
roisin@nursesukgroup.co.uk,"Nurses UK franchise","Nurses UK franchise","Nurses UK","https://www.thenetworkeruk.com/opportunities/nurses-uk-franchise?email=roisin%40nursesukgroup.co.uk&intent=opportunity-claim&auth=register&next=%2Forganiser%2F%3Fonboard%3Dopportunity-claim","nurses-uk-franchise"
nutteauk@gmail.com,"NUTTEA Nut Mylk Cafe franchise","NUTTEA Nut Mylk Cafe franchise","NUTTEA Nut Mylk Cafe","https://www.thenetworkeruk.com/opportunities/nuttea-nut-mylk-cafe-franchise?email=nutteauk%40gmail.com&intent=opportunity-claim&auth=register&next=%2Forganiser%2F%3Fonboard%3Dopportunity-claim","nuttea-nut-mylk-cafe-franchise"
info@oakberryfranchise.co.uk,"Oakberry Franchise","Oakberry Franchise","Oakberry","https://www.thenetworkeruk.com/opportunities/oakberry-franchise?email=info%40oakberryfranchise.co.uk&intent=opportunity-claim&auth=register&next=%2Forganiser%2F%3Fonboard%3Dopportunity-claim","oakberry-franchise"
jackie.dillon@oakhousefoods.co.uk,"Oakhouse Foods Franchise","Oakhouse Foods Franchise","Oakhouse Foods","https://www.thenetworkeruk.com/opportunities/oakhouse-foods-franchise?email=jackie.dillon%40oakhousefoods.co.uk&intent=opportunity-claim&auth=register&next=%2Forganiser%2F%3Fonboard%3Dopportunity-claim","oakhouse-foods-franchise"
kyle.mapfumo@oathhealthcare.co.uk,"Oath Healthcare Franchise","Oath Healthcare Franchise","Oath Healthcare","https://www.thenetworkeruk.com/opportunities/oath-healthcare-franchise?email=kyle.mapfumo%40oathhealthcare.co.uk&intent=opportunity-claim&auth=register&next=%2Forganiser%2F%3Fonboard%3Dopportunity-claim","oath-healthcare-franchise"
fahim.khan@oodleschinese.com,"Oodles Wok Franchise","Oodles Wok Franchise","Oodles Wok","https://www.thenetworkeruk.com/opportunities/oodles-wok-franchise?email=fahim.khan%40oodleschinese.com&intent=opportunity-claim&auth=register&next=%2Forganiser%2F%3Fonboard%3Dopportunity-claim","oodles-wok-franchise"
dwilliams@orangetheoryfitness.com,"Orangetheory Fitness franchise","Orangetheory Fitness franchise","Orangetheory Fitness","https://www.thenetworkeruk.com/opportunities/orangetheory-fitness-franchise?email=dwilliams%40orangetheoryfitness.com&intent=opportunity-claim&auth=register&next=%2Forganiser%2F%3Fonboard%3Dopportunity-claim","orangetheory-fitness-franchise"
suzi@franchisebrands.co.uk,"Ovenclean Franchise","Ovenclean Franchise","Ovenclean","https://www.thenetworkeruk.com/opportunities/ovenclean-franchise?email=suzi%40franchisebrands.co.uk&intent=opportunity-claim&auth=register&next=%2Forganiser%2F%3Fonboard%3Dopportunity-claim","ovenclean-franchise"
ollie.bolwell@ovoenergy.com,"OVO Solar & Heating franchise","OVO Solar & Heating franchise","OVO Solar & Heating","https://www.thenetworkeruk.com/opportunities/ovo-solar-heating-franchise?email=ollie.bolwell%40ovoenergy.com&intent=opportunity-claim&auth=register&next=%2Forganiser%2F%3Fonboard%3Dopportunity-claim","ovo-solar-heating-franchise"
paul.leach@packsend.co.uk,"PACK & SEND Franchise","PACK & SEND Franchise","PACK & SEND","https://www.thenetworkeruk.com/opportunities/pack-send-franchise?email=paul.leach%40packsend.co.uk&intent=opportunity-claim&auth=register&next=%2Forganiser%2F%3Fonboard%3Dopportunity-claim","pack-send-franchise"
belinda@parisbaguette.uk,"Paris Baguette Franchise","Paris Baguette Franchise","Paris Baguette","https://www.thenetworkeruk.com/opportunities/paris-baguette-franchise?email=belinda%40parisbaguette.uk&intent=opportunity-claim&auth=register&next=%2Forganiser%2F%3Fonboard%3Dopportunity-claim","paris-baguette-franchise"
kate.randall@propertyfranchise.co.uk,"Parkers Franchise","Parkers Franchise","Part of The Property Franchise Group","https://www.thenetworkeruk.com/opportunities/parkers-franchise?email=kate.randall%40propertyfranchise.co.uk&intent=opportunity-claim&auth=register&next=%2Forganiser%2F%3Fonboard%3Dopportunity-claim","parkers-franchise"
rohini.syal@passthekeys.co.uk,"Pass the Keys Franchise","Pass the Keys Franchise","Pass the Keys","https://www.thenetworkeruk.com/opportunities/pass-the-keys-franchise?email=rohini.syal%40passthekeys.co.uk&intent=opportunity-claim&auth=register&next=%2Forganiser%2F%3Fonboard%3Dopportunity-claim","pass-the-keys-franchise"
grant@grantstain.com,"Pendleton Partners Franchise","Pendleton Partners Franchise","Pendleton Partners","https://www.thenetworkeruk.com/opportunities/pendleton-partners-franchise?email=grant%40grantstain.com&intent=opportunity-claim&auth=register&next=%2Forganiser%2F%3Fonboard%3Dopportunity-claim","pendleton-partners-franchise"
matteo@tribute-brands.com,"PILAT3S Franchise","PILAT3S Franchise","PILAT3S","https://www.thenetworkeruk.com/opportunities/pilat3s-franchise?email=matteo%40tribute-brands.com&intent=opportunity-claim&auth=register&next=%2Forganiser%2F%3Fonboard%3Dopportunity-claim","pilat3s-franchise"
scott@pillowpartners.co.uk,"Pillow Partners Franchise","Pillow Partners Franchise","Pillow Partners","https://www.thenetworkeruk.com/opportunities/pillow-partners-franchise?email=scott%40pillowpartners.co.uk&intent=opportunity-claim&auth=register&next=%2Forganiser%2F%3Fonboard%3Dopportunity-claim","pillow-partners-franchise"
mike.broad@pitman-training.com,"Pitman Training Franchise","Pitman Training Franchise","Pitman Training Group","https://www.thenetworkeruk.com/opportunities/pitman-training-franchise?email=mike.broad%40pitman-training.com&intent=opportunity-claim&auth=register&next=%2Forganiser%2F%3Fonboard%3Dopportunity-claim","pitman-training-franchise"
william.barker@pizzahut.co.uk,"Pizza Hut Franchise","Pizza Hut Franchise","Pizza Hut","https://www.thenetworkeruk.com/opportunities/pizza-hut-franchise?email=william.barker%40pizzahut.co.uk&intent=opportunity-claim&auth=register&next=%2Forganiser%2F%3Fonboard%3Dopportunity-claim","pizza-hut-franchise"
info@pizzatriangle.co.uk,"Pizza Triangle Franchise","Pizza Triangle Franchise","Pizza Traiangle","https://www.thenetworkeruk.com/opportunities/pizza-triangle-franchise?email=info%40pizzatriangle.co.uk&intent=opportunity-claim&auth=register&next=%2Forganiser%2F%3Fonboard%3Dopportunity-claim","pizza-triangle-franchise"
d.pearce@platinumpropertypartners.co.uk,"Platinum Property Partners Franchise","Platinum Property Partners Franchise","Platinum Property Partners","https://www.thenetworkeruk.com/opportunities/platinum-property-partners-franchise?email=d.pearce%40platinumpropertypartners.co.uk&intent=opportunity-claim&auth=register&next=%2Forganiser%2F%3Fonboard%3Dopportunity-claim","platinum-property-partners-franchise"
franchise@plusfitness.co.uk,"Plus Fitness franchise","Plus Fitness franchise","Plus Fitness","https://www.thenetworkeruk.com/opportunities/plus-fitness-franchise?email=franchise%40plusfitness.co.uk&intent=opportunity-claim&auth=register&next=%2Forganiser%2F%3Fonboard%3Dopportunity-claim","plus-fitness-franchise"
toby@popfranchising.com,"Pop Connect Franchise","Pop Connect Franchise","Pop Connect","https://www.thenetworkeruk.com/opportunities/pop-connect-franchise?email=toby%40popfranchising.com&intent=opportunity-claim&auth=register&next=%2Forganiser%2F%3Fonboard%3Dopportunity-claim","pop-connect-franchise"
martin@postandpackinguk.com,"Post & Packing Franchise","Post & Packing Franchise","Post & Packing","https://www.thenetworkeruk.com/opportunities/post-packing-franchise?email=martin%40postandpackinguk.com&intent=opportunity-claim&auth=register&next=%2Forganiser%2F%3Fonboard%3Dopportunity-claim","post-packing-franchise"
brendon@limelicensinggroup.co.uk,"Pressed in Time Franchise","Pressed in Time Franchise","Pressed in Time","https://www.thenetworkeruk.com/opportunities/pressed-in-time-franchise?email=brendon%40limelicensinggroup.co.uk&intent=opportunity-claim&auth=register&next=%2Forganiser%2F%3Fonboard%3Dopportunity-claim","pressed-in-time-franchise"
franchise.enquiries@prestige-nursing.co.uk,"Prestige Nursing and Care Franchise","Prestige Nursing and Care Franchise","Prestige Nursing and Care","https://www.thenetworkeruk.com/opportunities/prestige-nursing-and-care-franchise?email=franchise.enquiries%40prestige-nursing.co.uk&intent=opportunity-claim&auth=register&next=%2Forganiser%2F%3Fonboard%3Dopportunity-claim","prestige-nursing-and-care-franchise"
sam.otterburn@pret.co.uk,"Pret A Manger Franchise","Pret A Manger Franchise","Pret A Manger","https://www.thenetworkeruk.com/opportunities/pret-a-manger-franchise?email=sam.otterburn%40pret.co.uk&intent=opportunity-claim&auth=register&next=%2Forganiser%2F%3Fonboard%3Dopportunity-claim","pret-a-manger-franchise"
paul@professionalinventories.com,"Professional Inventories Franchise","Professional Inventories Franchise","Professional Inventories","https://www.thenetworkeruk.com/opportunities/professional-inventories-franchise?email=paul%40professionalinventories.com&intent=opportunity-claim&auth=register&next=%2Forganiser%2F%3Fonboard%3Dopportunity-claim","professional-inventories-franchise"
alex@prokil.co.uk,"Prokil","Prokil","Prokil Damp & Timber Franchise","https://www.thenetworkeruk.com/opportunities/prokil?email=alex%40prokil.co.uk&intent=opportunity-claim&auth=register&next=%2Forganiser%2F%3Fonboard%3Dopportunity-claim","prokil"
adrian.ayres@puccinosww.com,"Puccino’s Franchise","Puccino’s Franchise","Puccino’s","https://www.thenetworkeruk.com/opportunities/puccino-s-franchise?email=adrian.ayres%40puccinosww.com&intent=opportunity-claim&auth=register&next=%2Forganiser%2F%3Fonboard%3Dopportunity-claim","puccino-s-franchise"
claire.mills@puddleducks.com,"Puddle Ducks Franchise","Puddle Ducks Franchise","Puddle Ducks","https://www.thenetworkeruk.com/opportunities/puddle-ducks-franchise?email=claire.mills%40puddleducks.com&intent=opportunity-claim&auth=register&next=%2Forganiser%2F%3Fonboard%3Dopportunity-claim","puddle-ducks-franchise"
elliott.shuttleworth@wedoplay.co.uk,"Putt Putt Noodle Franchise","Putt Putt Noodle Franchise","Putt Putt Noodle","https://www.thenetworkeruk.com/opportunities/putt-putt-noodle-franchise?email=elliott.shuttleworth%40wedoplay.co.uk&intent=opportunity-claim&auth=register&next=%2Forganiser%2F%3Fonboard%3Dopportunity-claim","putt-putt-noodle-franchise"
phil.mackechnie@radfieldhomecare.co.uk,"Radfield Home Care Franchise","Radfield Home Care Franchise","Radfield Home Care","https://www.thenetworkeruk.com/opportunities/radfield-home-care-franchise?email=phil.mackechnie%40radfieldhomecare.co.uk&intent=opportunity-claim&auth=register&next=%2Forganiser%2F%3Fonboard%3Dopportunity-claim","radfield-home-care-franchise"
bimal@rainingberries.com,"Raining Berries Franchise","Raining Berries Franchise","Raining Berries","https://www.thenetworkeruk.com/opportunities/raining-berries-franchise?email=bimal%40rainingberries.com&intent=opportunity-claim&auth=register&next=%2Forganiser%2F%3Fonboard%3Dopportunity-claim","raining-berries-franchise"
franchise@rawrbeauty.co.uk,"Rawr Beauty Franchise","Rawr Beauty Franchise","Rawr","https://www.thenetworkeruk.com/opportunities/rawr-beauty-franchise?email=franchise%40rawrbeauty.co.uk&intent=opportunity-claim&auth=register&next=%2Forganiser%2F%3Fonboard%3Dopportunity-claim","rawr-beauty-franchise"
