email,name,phone
aaron.unsworth@thig.co.uk,Fore Business - Manchester North,
aaron@networking-essex.co.uk,Networking Essex,07802 807197
adam@advantageinvestment.co.uk,BITA - Liverpool,07532763832
adam@csone.co.uk,Fore Business - Maidstone,
adam@small99.co.uk,Small99,
adam@studio55.ie,Fore Business -Belfast North,
admin@bswn.org.uk,Black South West Network,
admin@business-buzz.org,Business Buzz,
admin@businessjunction.co.uk,Business Junction,020 3667 6776
admin@citywomen.org,City Women Network (CWN),0330 133 1045
admin@eagb.co.uk,EAGB  (Executive Association of Great Britain),07890960161
admin@fifewomeninbusiness.com,FWB (Fife Women in Business),07534 103549
admin@hexagonlegal.com,Hexagon Legal Network (HLN),07375737544
admin@hgnetwork.org,Herefordshire Green Network,
admin@ladieswholatte.com,Ladies Who Latte,
admin@mansfieldandashfield2020.com,Mansfield & Ashfield 2020,01623 422010
admin@nottinghamcitybusinessclub.co.uk,Nottingham City Business Club,
admin@opendoorz.biz,Opendoorz,01865 565 333
admin@prospher.co.uk,ProspHER,
admin@smartplaynetwork.org,Smart Play Network,
admin@theblackprofessionals.co.uk,The Black Professionals,
admin@thesamphireclub.com,The Samphire Club,
admin@thinklikeatree.co.uk,Inspired by Nature Network,
admin@webx.org.com,WEBX (Weymouth Business Exchange),07878 762174
admin@whitstablebusinessclub.co.uk,Whitstable Business Club,
admin@womanwho.co.uk,Woman Who,
adrian.peck@peckuk.com,Fore Business - Colchester,
advicenetwork@capitalcitypartnership.org,Edinburgh Advice Network,
alan.lowry@fsb.org.uk,FSB (Federation of Small Businesses) - Northern Ireland,02890326035
alan@business-network.co.uk,The Business Network - Liverpool,07956 368 899
alan@liquidindulgence.co.uk,The Share Network Group,07971 539720
alanacaresolutions@gmail.com,Alana Care Solutions,
alastair.mcleod@businessdoctors.co.uk,BNI Pavilion,
alastairm@cipr.co.uk,Chartered Institute of Public Relations,020 7631 6900
albert@thefoundersnetwork.co.uk,The Founders Network,
alex@altrinchamhq.co.uk,Altrincham HQ,07806 774279
alex@depiqd.co.uk,Fore Business - East Grinstead,
alex@networkb2b.co.uk,Network B2B,07950527738
alex@property-connect.org,Property Connect,02034114514
alextana1950@gmail.com,Vectis Business Link,
ali.tait@mibnetwork.org.uk,Mums in Business,07855 342285
alison@durhambusinessclub.co.uk,Durham Business Group,07495 395 593
allisonk@deliciouslyorkshire.co.uk,Deliciously Yorkshire,01423 546200
alun.edwards@mmc-management.co.uk,Fore Business - Wirral,
alvina@bwcedinburgh.co.uk,BWC Edinburgh & Fife,07453276121
amanda@national-womens-network.co.uk,NWN (National Women's Network),
amy.wilkes@wibn.co.uk,Women In Business Network - Cambridge North,
amy@business-network.co.uk,The Business Network - South Humberside,
andrew@hospitalitynetwork.co.uk,Hospitality Network,07957 433 284
andrew@real5networking.com,Real5 Networking,
andrew@successnetworking.co.uk,Success Networking,
andrewjoy@actioncoach.co.uk,ActionCOACH UK,01423 229 288
andy.griffiths@kentcricket.co.uk,Team Kent Business Club,
andy.k.smealliance@gmail.com,SME Alliance,
andy.martin@real5networking.com,Real5 Networking - Liverpool,07377 874 440
andy@catandra.co.uk,Fore Business - Horsham,
andy@mhfatraininguk.co.uk,Fore Business - Manchester South,
andy@mpr-it.co.uk,Fore Business - Caterham,
andy@syob.net,SYOB (Start Your Own Business,
andyguile@askandyguile.co.uk,Proper Networking,07960888001
angela@womensbusiness.club,Women's Business Club,
anna.atkinscarter@theathenanetwork.com,The Athena Network,
annabel.robbins@hrdept.co.uk,IBN (Island Business Network),
annick@therooster.co.uk,Moor Park Business Club,07752 359 959
antoniadalessio@gilbertstephens.co.uk,Women in Property - Devon & Cornwall,
april.marsden@bowmanriley.com,Women in Property - Yorkshire & North East,
aruna@busynetworking.net,Busy Networking,07957 284851
aruna@bwnetworking.co.uk,Busy Women Networking,07957 284851
as@groupams.co.uk,BITA - Manchester,07561477783
avbn@ambervalley-business-networking.co.uk,Amber Valley Business Networking,01773 841496
babble@businessbabble.net,Babble,07764 657 576
barry@wordsmart.biz,Prosper (Hybrid),01920 454444
barry@yorkshirewinerascal.com,Fore Business - Harrogate,
bath@businessfocusnetworking.co.uk,Bath Business Focus,07971 279564
bedford@business-buzz.org,Business Buzz - Bedfordshire,01767 222 631
beds@bni.com,Blaze BNI (Hitchin),07969372165
bedsandherts@cipsbranch.org,CIPS (Chartered Institute of Procurement & Supply) - Bedfordshire & Hertfordshire,
ben@buzzbd.co.uk,Fore Business - Bradford,
berkshire@bni.co.uk,BNI -Ascot,
beverley.holmes@wnychamber.co.uk,West & North Yorkshire Chamber of Commerce,0113 2470000
bgh@growthco.uk,GM Business Growth Hub,0161 359 3050
bipcnorfolk@norfolk.gov.uk,Business & IP Centre Norfolk,01603 774708
birmingham@bni.co.uk,BNI -Ace BNI (Dorridge),
birmingham@cipsbranch.org,CIPS (Chartered Institute of Procurement & Supply) - Birmingham & Coventry,
blackcountry@bni.co.uk,BNI -Achievers BNI (Wolverhampton) - Black Country,
bni@eurobni.com,BNI - BNI Belfast Waterfront,
bni@virtuallythere.co,BNI Thomas Telford (Newport),
bninorthwales@bni.co.uk,BNI - Deeside - North Wales,
bookings@menta.org.uk,MENTA Networking Events,01284 760 206
boundary.club@essexcricket.org.uk,Essex Cricket Business Club,01245 284 929
brentwood@progressivepropertynetwork.co.uk,PPN (Progressive Property Network) - Brentwood,
brett@ybworld.co.uk,Your Business World,
brettsgroup@hotmail.com,Fore Business - Sheffield,
brian.hardie@themarketingcentre.com,Fore Business - Marlow & Maidenhead,
brian@bbnetworking.co.uk,BBN Networking,07973 139959
brianmorrison.glasgow@gmail.com,BizSocial Networking,07719 782459
bristol@bni.co.uk,BNI -BNI Bradman (Bristol),
bristol@real5networking.com,Real5 Networking - Bristol,
britishasianbusiness@iod.com,The Institute of Directors British Asian Business Group,
business.club@nufc.co.uk,Newcastle United Business Club,
cambridgeshire@bni.co.uk,BNI -BNI Granta - Cambridge,
capbusinessclubs3@gmail.com,CAP Business Clubs,07811 981929
carol@events-simplified.co.uk,BNI -Graphene BNI (Manchester - Mid Morning),
caroline@4nonline.biz,4N Online,0345 1234 444
caroline@business-network-ltd.co.uk,The Business Network Ltd -,01977 662 254
carolinehazell@thompsondarwin.com,Superwoman,
cashback@marknorthall.com,BAB Networking,07854 999 161
catherine.dryburgh@barratthomes.co.uk,Women in Property - Northern Scotland,
cbn@swanseacity.com,CBN (City Business Network),01792 616624
centralsouth@institute-of-fundraising.org.uk,Chartered Institute of Fundraising - Central South,
ceylan.boyce@wibn.co.uk,Women In Business Network - London City,
chair@abcbusinessnetwork.org,ABC Business Network,028 4066 2260
chair@readingbusinessclub.com,Reading Business Club,
chairman@basingstokebusinessclub.org.uk,Basingstoke Business Club,
chairman@doyleclub.org,The Doyle Club,
chamber@doncaster-chamber.co.uk,Chamber of trade  - Doncaster,
chamber@glasgowchamberofcommerce.com,Chamber of trade  - Glasgow,
chamber@iwchamber.co.uk,Chamber of trade  - Isle of Wight,
charlie@bniglasgowsl.com,BNI - BNI (Glasgow),07967639790
chelsea.brennan@iod.com,The Institute of Directors -Northern Ireland,
cheltenham@business-buzz.org,Business Buzz - Cheltenham,07444896434
chesandnorthwales@cipsbranch.org,CIPS (Chartered Institute of Procurement & Supply) -Cheshire & North Wales,
chessocialites@gmail.com,The Cheshire Club,
chris.tucker@scmsales.co.uk,Fore Business - Derby,
chris@121businesslinks.co.uk,121 Business Links,07530588021
chris@smesuccess.co.uk,Business Growth Club,07950481280
christina@goldfinchgatherings.co.uk,Goldfinch Gatherings,07885666711
cipr.glg@gmail.com,Chartered Institute of Public Relations - Greater London,
cipreastanglia@gmail.com,Chartered Institute of Public Relations - East Anglia,
ciprscotland@gmail.com,Chartered Institute of Public Relations - Scotland,
cj@integritytaxation.co.uk,Fore Business - Telford,
claire.herbert@gateleylegal.com,Network LE,
claire.muir3@nhs.net,Cumbria Social Enterprise Partnership,01768 891555
claire@catena-network.co.uk,Catena Network,0333 009 5232
claire@wearewakefield.org.uk,We Are Wakefield,01924 965585
clara@ezpublishing.co.uk,Vox Networking,
clare@clarefarthing.co.uk,South Somerset Meetups,
clubhouse@threebridgesfc.co.uk,Three Bridges Football Club 200,
co-chairs@gwn.org.uk,GWN (LGBTQ+ Women's Network),
coastalmeetings@gmail.com,CoastalNet,
colin@edinburghconnections.co.uk,Edinburgh Connections,07767 844 942
colin@savemoney.me.uk,Network Plymouth,07973 273828
colinread@bni.co.uk,BNI - Castle BNI (East Kilbride),
dionneread@bni.co.uk,BNI - Castle BNI (East Kilbride),
commercial@afcwimbledon.co.uk,AFC Wimbledon Business Club,07561 853 775
commercial@rangers.co.uk,Rangers Business Club,
commercial@southend-united.co.uk,The Blues Business Club,
commercial@swfc.co.uk,Club Wednesday Sheffield Weds FC,
commercialteam@tigers.co.uk,Leicester Tigers Business Club,0116 217 1215
connect@birminghamsuniquenetwork.com,BUN (Birmingham's Unique Network),0121 2452066
connect@clubsynergy.co.uk,Club Synergy,07974959661
connect@dobusinessnetwork.com,Do Business Network,
constructorsclerk@constructorscompany.co.uk,The Worshipful Company of Constructors (WCC),
contact.support@globalscot.com,Global Scot,0300 013 3385
contact@cadrerocket.com,Cadre Rocket,07770587173
contact@dorsetchamber.co.uk,Chamber of trade  - Dorset,
contact@fleet4business.co.uk,Fleet 4 business,
contact@go-tribe.co.uk,GoTribe,
contact@ilikenetworking.uk,I Like Networking,
contact@propertyfoundationsgroup.co.uk,Property Foundations Group,
contact@smallbusinessnetwork.ltd,Denbighshire Small Business Network,07933 834539
contact@thecareersedit.com,The Careers Edit,
contact@theyorkshiresociety.org,The Yorkshire Society,
contactus@helmclub.co,Helm,07856 506983
coral@pinklinkladies.co.uk,Pink Link Ladies,01772 348309
corinnanicol@gmail.com,Connect Women in Biz,07976035219
craig@crseditorial.co.uk,CRS Editorial Leeds Netwalk,07846 340516
customerservices@fsb.org.uk,FSB (Federation of Small Businesses),
customerservices@thamesvalleychamber.co.uk,Chamber of trade  - Thames Valley Swindon,
customerservices@tvchamber.co.uk,Chamber of trade  - Thames Valley,
dan@cambridgeunited.com,Cambridge United Business Club (Football Club),01223 566 500
dandc@cipsbranch.org,CIPS (Chartered Institute of Procurement & Supply) - Devon & Cornwall,
danielle@theheathhomeopath.co.uk,Women In Business Network - Highgate & Finchley,
danny@emworkwear.com,Fore Business - Huddersfield,
daryl@networx4business.co.uk,networx4business,
dave.clements@grafterssupergroups.co.uk,Edgbaston Grafters Super Group,07547 761 416
david@real5networking.com,Real5 Networking - Knutsford & Altrincham,
david@southcoastgolf.co.uk,South Coast Golf Networking,
davidthompson@teamvalleygroup.co.uk,Gateshead Business Club,
dawn@uniqueladies.co.uk,Unique Ladies Networking - Hyndburn,
dawnadlam@bni.com,BNI  - Head Office,
dean@deanafox.com,Fore Business - Darlington,
debbie.atkins@theathenanetwork.com,The Athena Network Reading &amp; Henley Region,
debbie@businesswomenunltd.co.uk,Businesswomen UnLtd,07795683598
deborah.chappell@fsb.org.uk,FSB (Federation of Small Businesses) - Greater London,07944 132198
derbyshire@bni.co.uk,BNI -BNI Trailblazers - Derbyshire South,
derbyshire@cipsbranch.org,CIPS (Chartered Institute of Procurement & Supply) - Derby & East Midlands,
devonwomeninbusiness@gmail.com,Devon Women in Business,07766 250192
dianne.richardson@becbusinesscluster.co.uk,BECBC (Britain's Energy Coast Business Cluster),01946 383205
dionne@bniscotlandse.com,"BNI Scotland South, East &amp; Central",
discover@xpandmarketing.co.uk,Xpand Marketing,
dorset@bni.co.uk,"BNI -Bay, Bournemouth",
dumfries@real5networking.com,Real5 Networking - Dumfries,
duncan@1pcs.co.uk,BNI Leicestershire and Rutland,
durhamteesside@bni.co.uk,BNI -Steel BNI (Middlesbrough),
east.anglia@cipsbranch.org,CIPS (Chartered Institute of Procurement & Supply) - East Anglia,
east.england@cbi.org.uk,The Confederation of British Industry  - East of England,
east@iod.com,The Institute of Directors - Cambridgeshire,
eastanglia@ciof.org.uk,Chartered Institute of Fundraising - East Anglia,
eastmidlands@bni.co.uk,BNI -BNI @J28 - Derbyshire South,
eastmidlands@institute-of-fundraising.org.uk,Chartered Institute of Fundraising - East Midlands,
eastofscot@cipsbranch.org,CIPS (Chartered Institute of Procurement & Supply) - East of Scotland,
ed@edboakesdriving.co.uk,Fore Business - Aylesbury,
ed@womenmeanbusiness.com,Women Mean Business (WMB),
edenslounge@gmail.com,Eden's Lounge,
eelassociation@gmail.com,EEL,07557 308 423
elaine@discplus.health,The Perfect Health Hub,
emma.clack@wibn.co.uk,Women In Business Network - Hertford & Ware,
emma.smailes@fsb.org.uk,FSB (Federation of Small Businesses) - North West,
emma@fireflyhub.uk,Firefly Hub,
emma@heneomhr.com,Women In Business Network - Hertford &amp; Ware Group,
enquires@britishchambers.org.uk,Chamber of trade,020 7654 5800
enquiries@advancenorthumberland.co.uk,Advance Northumberland,01670 528 400
enquiries@ayrshire-chamber.org,Chamber of trade  - Ayrshire,
enquiries@betternetworking.co.uk,Better Networking Hubs,07812 076946
enquiries@blacksolicitorsnetwork.org,Black Solicitors Network,
enquiries@bnidevon.co.uk,BNI Devon,
enquiries@bnionline.co.uk,BNI Brunch (Samlesbury),
enquiries@cambscci.co.uk,Chamber of trade  - Cambridgeshire,
enquiries@cbi.org.uk,The Confederation of British Industry,
enquiries@designnetworknorth.org,Design Network North,0191 516 4400
enquiries@essexchambers.co.uk,Chamber of trade  - Essex,
enquiries@fieldtrainingservices.co.uk,BNI - Cardiff Central,01252547900
enquiries@forestschoolassociation.org,FSA Herefordshire (Forest School Association),07479 960 639
enquiries@forwardladies.com,Novi,0845 64 34 940
enquiries@hertschamber.com,Chamber of trade  - Hertfordshire,
enquiries@hwchamber.co.uk,Chamber of trade  - Herefordshire & Worcestershire,
enquiries@lbn.org.uk,Lakeland Businesswomen's Network (LBN),
enquiries@lincs-chamber.co.uk,Chamber of trade  - Lincolnshire,
enquiries@maggies.org,Maggie's,
enquiries@marchesgrowthhub.co.uk,Marches Growth Hub,0800 998 1098
enquiries@nbwn.co.uk,Norwich Business Women's Network (NBWN),
enquiries@reply.professionalsuk.co.uk,Professionals UK,
enquiries@shinespace.co.uk,Shine Space,
enquiries@shropshire-chamber.co.uk,Chamber of trade  - Shropshire,
enquiries@wearecatalyst.org,We Are Catalyst,
enterprise-works@york.ac.uk,Enterprise Works,01904 321420
essex@cipsbranch.org,CIPS (Chartered Institute of Procurement & Supply) - Essex,
essexeast@bni.co.uk,BNI -BNI Action - Essex East,
essexwest@bni.co.uk,BNI -BNI A27 - Essex West,
events@londonbusinessnetwork.uk,London Business Network,
events@madewithmaturity.com,The Cream Tea Club,
events@md2md.co.uk,MD2MD,01865 600 800
events@networking.london,Networking London,
events@pinklinkladies.co.uk,Pink Link,01772 348309
events@somersetcountycc.co.uk,The In-Field Business Club Somerset County CC,
faye@freelancemum.co.uk,Freelance Mum,07967 135 163
felicia@tben.co.uk,The Black Economists Network,
fiona@getaheadva.com,Get Connected,07496 535719
foylebusinessnetwork@gmail.com,Foyle Business Network,07545 641 233
francesca@everywoman.com,Every Woman,0207981 2574
frank@fgmboilerservice.co.uk,BNI - BNI Lisburn,07746530313
frankie@totallinemarking.co.uk,BITA - BITAx,07539073135
garry.clark@fsb.org.uk,FSB (Federation of Small Businesses) - Scotland,
gary@boombusinessclub.com,Boom Business Club,01372 664227
gary@grafterssupergroups.co.uk,Grafters,
gavin@gslmedia.co.uk,Fore Business - Plymouth,
gavin@purewealthmanagement.co.uk,Fore Business - Chepstow,
gem@yorkshireindie.co.uk,Yorkshire Indie,
general.enquiries@britishcouncil.org,The British Council,
geoff@the-yorkshiremafia.co.uk,Silicon Yorkshire,
geoff@theyorkshiremafia.com,The Yorkshire Mafia,
george.kwuk@gmail.com,The Growth Community,
getconnected@my-chamber.co.uk,Chamber of trade  - Mid Yorkshire,
gill.wood@edinburghrugby.org,Edinburgh Rugby Business Club,
gill@collaborationglobal.org,Collaboration Global,07798601701
gilles@gillespelenc.com,Fore Business - Guildford,
glasgow@progressivepropertynetwork.co.uk,PPN (Progressive Property Network) - Glasgow,
glasgowsl@bni.co.uk,BNI - Enterprise BNI - Glasgow & South Lanarkshire,
glenda@fabulousnetworking.co.uk,Fabulous Networking,07710 325 505
glenn@business-network.co.uk,The Business Network Birmingham,
gloucester@cipsbranch.org,CIPS (Chartered Institute of Procurement & Supply) - Gloucester,
glowlincs@gmail.com,GLOW (Greater Lincolnshire's Outstanding Women),
governor.services@norfolk.gov.uk,Peer Networks (Schools & Learning Providers),0344 800 8020
grace@nwmnetwork.co.uk,Norfolk Women's Marketing Network (NWM Network),
groups@grafterssupergroups.co.uk,Grafters - Berkshire Royal,
growth@kub-uk.com,Power Networkers Hub,0333 050 9053
growthhub@heylep.com,HEY Growth Hub,01482 485260
growthhub@semplep.com,Semlep's Growth Hub,
guy@ggfit.co.uk,Fore Business - Wokingham,
guy@ggfit.com,Padel Partners Networking,07971618912
h.hambleton@uhy-uk.com,M4 Business Network,
halsteadottley@progressivepropertynetwork.co.uk,PPN (Progressive Property Network) - Ipswich,
hampshirenorth@bni.co.uk,BNI - Phoenix Basingstoke,
hampshiresouth@bni.co.uk,BNI -BNI Prime Online - Hampshire South,
handw@cipsbranch.org,CIPS (Chartered Institute of Procurement & Supply) - Herefordshire & Worcestershire,
hannah@pi-sq.co.uk,Women in Property - Midlands,
harrow@cipsbranch.org,CIPS (Chartered Institute of Procurement & Supply) - Harrow,
harry.harrison@fsb.org.uk,"FSB (Federation of Small Businesses) - Yorkshire, Humber and the North East",
heather@ladiesnetwork.co.uk,Ladies Network,
heidimobbs@progressivepropertynetwork.co.uk,PPN (Progressive Property Network) - Humberside,
hela@sistersnog.com,SisterSnog,
helen.bantock@theathenanetwork.com,The Athena Network Richmond,
helen.clarke@wibn.co.uk,Women In Business Network - Pendle,
helen.williams@real5networking.com,Real5 Networking - Windsor & Maidenhead,
helen@business-network.co.uk,The Business Network,0161 823 1384
hello.likemindedprofessionals@gmail.com,Like-Minded Professionals,07798623777
hello@bigonemarketing.co.uk,Friends In Business,07712 462081
hello@biignetworking.co.uk,BiiG (Business in Ilminster Group),
hello@bizgroup66.co.uk,Biz Group 66,
hello@blackcommsnetwork.co.uk,UK Black Comms Network,
hello@blueskyseo.co.uk,Breakfast Bites,07483 835646
hello@bromleybusinessnetwork.co.uk,Bromley Business Network Limited,0204 548 7002
hello@buzzbusinessnetworking.eu,Buzz Business Networking,07598258207
hello@cambridgewireless.co.uk,Cambridge Wireless,01223 967 101
hello@cornwallchamber.co.uk,Chamber of trade  - Cornwall,
hello@creativecontent.company,Creative Content Company,01733 69 89 50
hello@cwscreatives.com,Coffee Work Sleep (CWS),
hello@do-good.co.uk,Do good Networking,01473 659 876
hello@eastmeetswestclub.com,East Meets West Club,020 8638 8380
hello@elevatingbusiness.co.uk,Elevating Business,01992 249 249
hello@face2facemaidenhead.co.uk,Face2Face Maidenhead Business Networking,07818 222362
hello@g12businessclub.co.uk,G12 Business Club,01392 241 653
hello@gbshared.co.uk,"GB Shared, Responsible Business - National Community",01772 921643
hello@grubclubcambridge.co.uk,Grub Club,01480 455526
hello@hammersmithnetworking.co.uk,Hammersmith Networking,07958917432
hello@hashtagevents.co.uk,Hashtag Events Business Club,07572389217
hello@kimbolton.online,Kimbolton Connects,01480277550
hello@kukuconnect.co.uk,KUKU Connect,0116 2963 723
hello@lynx19.com,Business Lynx,01427 381 095
hello@manchesterhospitalitynetwork.co.uk,MHN (Manchester Hospitality Network),
hello@mantlespace.co.uk,Mantle Space - Go Meet,0333 00 66 330
hello@msgbusinesselevate.com,MSG Business Elevate,
hello@mybusinessnetworking.co.uk,What's My Business,
hello@networking-women.com,Networking Women,07980 934 352
hello@networkshe.co.uk,Network She,07876 262126
hello@nexusleeds.co.uk,"Nexus, University of Leeds",0113 3061 444
hello@nnbn.co.uk,NNBN,01536 648383
hello@norfolkchambers.co.uk,Chamber of trade  - Norfolk,
hello@northwalessocial.co.uk,NWS (North Wales Social),07981 210 798
hello@nottinghampartners.co.uk,Nottingham Partners,0115 962 8300
hello@outside-ideas.com,Outside Ideas,
hello@plcnetworking.uk,PLC Business Networking Group,
hello@plusgroup.org,Plus Group,0151 559 1332
hello@pne-uk.com,HPN (Healthcare Partnership Network),0129 3661 044
hello@powerofwomen.org.uk,Power of Women,
hello@progressiveproperty.co.uk,PPN (Progressive Property Network),
hello@scottishnationalnetwork.com,Scottish National Network,07856735797
hello@searchnorwich.org,Search Norwich,
hello@smallbusinessbritain.uk,Small Business Britain,
hello@speednetworkinggroup.com,Speed Networking Group,01624 666 105
hello@ssen.org.uk,Sheffield Social Enterprise Network,
hello@talkbusiness.co.uk,Talk Business UK,07966 512 573
hello@the-gba.co.uk,Gay Professional Network (GPN),07831 782 200
hello@the19thclub.co.uk,Whole In One,
hello@thecurryclubs.co.uk,The Curry Club,
hello@thesussexmum.com,The Sussex Mum,
hello@thewealthywomancompany.co.uk,The Wealthy Woman Company,
hello@topnetworking.co.uk,TOP Networking,
hello@vhmcharityconsultancy.com,Shropshire Charity Network,
hello@weareinbusiness.co.uk,We are In Business,0113 3231333
hello@wedoscotland.com,WeDo Scotland,
hello@women-connect.co.uk,Women Connect,
hello@womenwd.com,Women Who Do (WWD),
hello@womenwhouk.co.uk,"Women Who Business Networking, Kidderminster",
hello@yourbusinessmatters.co,Your Business Matters.co,07504 946585
hello@zokit.co.uk,Zokit,
help@colleaguesontap.com,Colleagues on tap,079 3010 6988
hertfordshirenorthandeast@bni.co.uk,BNI -Synergy (Hertford),
herts@bni.co.uk,BNI -Alban (St Albans),
hi@foundxrsclub.com,Foundxrs Club,0208 406 8992
hive@networkbee.uk,Network Bee,
hola.spitalfields@secondhome.io,Second Home,
holborn@progressivepropertynetwork.co.uk,PPN (Progressive Property Network) - Holborn,
holly.nixon@theathenanetwork.com,The Athena Network - Warwickshire,
howard@numersrus.co.uk,Network4Business,07375 922705
humber@cipsbranch.org,CIPS (Chartered Institute of Procurement & Supply) - Humber,
iain@weirassociates.co.uk,Fore Business - Cambridge,
ian@bobconnections.co.uk,BoB Connections,077702 783233
ian@digitalpeninsula.com,Network Cornwall,07773400989
ian@shoutnetwork.co.uk,Shout Network,
ian@virtualnonexecs.com,VNXD,
info.costa@btconnect.com,Costa Rural Support Network,028 855 56880
info@3csnetworking.co.uk,3CS Networking,07983 614564
info@abcnetworking.biz,ABC Networking,
info@aberdeenrenewables.com,AREG (Aberdeen Renewable Energy Group),01224 868 168
info@agamers.co,AGame Masterminds,
info@alexander-accountancy.co.uk,Alexander Accountancy's Property People,01283743851
info@alfrescoadventures.co.uk,"Alfresco Adventures, Netwalking in Yorkshire",07842 633232
info@allbright.co,AllBright,020 3817 3340
info@armaghbusinessnetwork.co.uk,The Business Network - Armagh,028 37 747 052
info@b4-business.com,B4,01865 742 211
info@bawe-scotland.org,BAWE (British Association of Women Entrepreneurs in Scotland),
info@berkshiregrowthhub.co.uk,Berkshire Growth Hub,0118 209 0000
info@berkshiremummies.co.uk,Berkshire Mummies,
info@bgateway.com,Business Gateway,0300 013 4753
info@birmingham-chamber.com,Chamber of trade  - Greater Birmingham,
info@bitcni.org.uk,The Responsible Business Network Northern Ireland,
info@blackbritishcitygroup.com,Black British City Group,
info@bni-irvine.co.uk,BNI - Magnum BNI (Irvine),
info@bnnl.co.uk,BNNL (Business Networking North London),07366 596518
info@bowlsscotland.com,Bowls Scotland,01292 294 623
info@bpa-online.co.uk,BPA (Bournemouth Property Association),
info@brchamber.co.uk,Chamber of trade  - Barnsley & Rotherham,01709 386 200
info@bristolprivateclients.com,Private Client Network,
info@bucks-fizz.biz,Bucks Fizz Networking,
info@businessbase.org.uk,Business Base,
info@businessfocusburton.co.uk,Business Focus Networking - Burton,01283 342 124
info@businessforcalderdale.co.uk,Business for Calderdale,
info@businesswest.co.uk,Business West,01275 373 373
info@buzzardnetworking.co.uk,Buzzard Networking,07881 953885
info@bypnetwork.co.uk,BYP Network,
info@cambridgeshirefa.com,1884 Business Club (Cambridgeshire FA),01223 209022
info@chamber-business.com,Bedfordshire Chamber of Commerce,01582 522448
info@ciof.org.uk,Chartered Institute of Fundraising,020 7150 0439
info@cityprofessionalsnetwork.co.uk,City Professionals Networking (CPN),
info@cognitionevents.co.uk,Cognition Events,01312100452
info@colabgroup.co.uk,CoLab,
info@colemantrainingdevelopment.com,Coleman Training Development,07495051056
info@cotswoldnetworking.co.uk,Cotswold Networking Bath,07595753205
info@cumbriachamber.co.uk,Chamber of trade  - Cumbria,
info@cw-chamber.co.uk,Chamber of trade  - Coventry & Warwickshire,
info@cw-seswm.com,Chamber of trade  - Chambers Wales,
info@cwentrepreneursnet.com,Canary Wharf Female Entrepreneurs Network,07912 207131
info@directorgolf.com,Director Golf,07973 693 576
info@dragonsofnewport.com,Dragons of Newport,07729 421176
info@dublcheckcleaning.co.uk,BNI - Carnegie (Dunfermline),07554426713
info@dundeeandanguschamber.co.uk,Chamber of trade  - Dundee & Angus,
info@dungannonenterprise.com,Dungannon Enterprise,028 87 723 489
info@dwellings4u.co.uk,Dwellings4U,01553 606120
info@edinburghchamber.co.uk,Chamber of trade  - Edinburgh,
info@egba.co.uk,EGBA (East Grinstead Business Association),01342 545009
info@enterpriseconnexions.com,Enterprise Connexions,0330 043 0118
info@entrepreneursforum.net,Entrepreneurs Forum,0191 500 7780
info@essexbusinessforum.com,Essex Business Forum,07812 738844
info@essexbusinesspartnerships.org.uk,Essex Business Partnerships,07940 459703
info@executivenetworkgroup.co.uk,ENG (Executive Network Group),0121 450 5000
info@fifechamber.co.uk,Chamber of trade  - Fife,
info@fignorwich.org,Fig Norwich (Financial Industry Group),
info@fitandfurnish.co.uk,Fore Business - Weston-Super-Mare,
info@fpb.org,The Forum of Private Businesses,
info@fwin.org.uk,Foyle Women's Information Network,028 71 266 291
info@glasgowgirlsclub.org,Glasgow Girls Club,
info@gmchamber.co.uk,Chamber of trade  - Greater Manchester,
info@good-2-great.co.uk,Good2Great,01746 330 730
info@hampshirechamber.co.uk,Chamber of trade  - Hampshire,
info@hbw.scot,hbw (Highland Business Women,01463 239 100
info@heatpumps.org.uk,HPA (Heat Pump Association),0118 940 3416
info@herefordhsg.co.uk,Herefordshire Health & Safety Group (HHSG),
info@hethelinnovation.com,Hethel Innovation,01953 859100
info@hivenetworking.co.uk,Hive Networking,
info@homegrownclub.co.uk,Home Grown Club,0203 928 8000
info@hull-humber-chamber.co.uk,Chamber of trade  - Hull & Humber,
info@iamwoman.biz,IAW (I Am Woman),07581 210 004
info@ibngroup.co.uk,IBNG (Independent Business Networking Group),07770872330
info@introbiz.com,IntroBiz,07581 564371
info@inverness-chamber.co.uk,Chamber of trade  - Inverness,
info@isbe.org.uk,ISBE (Institute for small business and entrepreneurship,
info@jbn.london,JBN (Jewish Business Network),07934019383
info@k2networking.co.uk,K2N,07803 419535
info@kentinvictachamber.co.uk,Chamber of trade  - Kent Invicta,
info@king-networking.co.uk,KiNG (Kernow Independent Networking Group),07887 441480
info@lanarkshirebusinessgroup.com,Lanarkshire Business Group,
info@lancschamber.co.uk,Chamber of trade  - North & Western Lancashire,
info@ledburyandnewentnetwork.co.uk,Ledbury & Newent Network,
info@leedsinvolvement.org.uk,Leeds Involving People,0113 237 4508
info@letsdo.co.uk,Let's Do Business,01772 860776
info@localbusinessconnections.com,Local Business Connections,07971 575 977
info@londonnetworkingclub.com,London Networking Group,
info@londonreferralnetwork.com,London Referral Network,
info@londonwomensforum.org,London Women's Forum,
info@lovewimbledon.org,Love Wimbledon,020 8619 2012
info@mbnsolutions.com,MBN,0141 224 0130
info@medina-business.com,Medina Business Exchange,01983 873853
info@met-events.co.uk,Met Events,07920 449 579
info@middevonnetwork.co.uk,Mid Devon Network,
info@millandbrae.com,BNI - Abbey (BNI (Paisley),014188426970
info@millionairenetworkinsocialclub.com,Millionaire Club,
info@mintbusinessclub.co.uk,Mint Business Club,01207571333
info@mwmg.org,MWMG (Mid Wales Manufacturing Group),01686 628 778
info@nacue.com,National Assocation of College & University Entrepreneurs (NACUE),
info@nationalretrofithub.org.uk,National Retrofit Hub,
info@nbg.co.uk,Network Group,01484 452769
info@nbwn.org,NBWN (National Black Women's Network),07956 902 487
info@newburybusiness.co.uk,Newbury Business Group,01635 812006
info@newportbusinessclub.co.uk,City of Newport Business Club,
info@norfolknetwork.com,Norfolk Network,
info@northeastnetwork.co.uk,North East Network,0191 487 1834
info@nwbc.org.uk,North Wales Business Club,01690 720 321
info@oascotland.org.uk,Officers' Association Scotland,0131 550 1581
info@outbritain.co.uk,Out Britain,0131 376 0665
info@pathway2grow.co.uk,Pathway2Grow (Coffee & Natter),0121 707 0550
info@pbn.org.uk,pbn (Perthshire Businesswomen's Network),0779 2600 054
info@plymouthbusinessnetwork.co.uk,Plymouth Business Network,01752 407774
info@powerfulwomen.org.uk,POWERful Women,
info@priddeymarketing.co.uk,OxfordSTEM.Network,01235 606077
info@procon-nottinghamshire.co.uk,Procon Nottinghamshire,07803 126 807
info@propertyinvestorsnetwork.co.uk,PIN (Property Investors Network),0121 228 2223
info@provnetworking.co.uk,Pro V Networking,07985 104624
info@redditchunited.co.uk,Redditch United Business Club,01527 67450
info@renfrewshirechamber.com,Chamber of trade  - Renfrewshire,
info@ribbons-network.com,Ribbons,
info@risetohealthcoaching.com,Awakened Connections Network,07833784661
info@robinoxford.org.uk,ROBIN (Responsible Oxfordshire Business Involvement Network),
info@rsvipnetwork.co.uk,RSViP Network,0115 9417 548
info@sccci.co.uk,Chamber of trade  - South Cheshire,
info@scrprovidernetwork.co.uk,SYPN Network,
info@sdpscotland.co.uk,HINT (Highlands and Islands Networking Together Group),
info@semla.org.uk,SEMLA,
info@severnbusinessnetwork.co.uk,Severn Business Network,
info@shebusiness.co.uk,She Business,
info@simplybusinessmagazine.co.uk,Simply Business Club,
info@sing4business.co.uk,Sing 4 Business,01785 253329
info@southendpeers.co.uk,Southend Peers,
info@staffordshirechambers.co.uk,Chamber of trade  - Staffordshire,
info@suffolkchamber.co.uk,Chamber of trade  - Suffolk,
info@surrey-chambers.co.uk,Chamber of trade  - Surrey,
info@sussexchamberofcommerce.co.uk,Chamber of trade  - Sussex,
info@sussexcricket.co.uk,Sussex Cricket The Boundary Club,
info@talknetworking.co.uk,Talk Networking,
info@tastebudscollective.co.uk,Tastebuds Collective,
info@techeast.com,Tech East,
info@the-plan-network.co.uk,The Plan Business Networking,
info@theafterworkclub.co.uk,The After Work Club,
info@thebusinessmindet.co.uk,BNI - BNI Cathedral (Northern Ireland),07898765467
info@thecobraclub.co.uk,Cobra Club,07739 950980
info@thecreativecollectivenetworking.co.uk,The Creative Collective,
info@thefarmernetwork.co.uk,The Farmer Network - Cumbria,
info@thefocuscollection.co.uk,Focus Business Club,01777 590 066
info@thegiraffenetwork.co.uk,The Giraffe Network,
info@thegolfconnection.co.uk,The Golf Connection,
info@thehrnetworkem.co.uk,The HR Network,
info@theluxurynetwork.co.uk,The Luxury Network,
info@themidlandsbusinessnetwork.co.uk,Midlands Business Network,01455 290 746
info@thenetwork-group.com,The Network Group,
info@thenorthernaffinity.co.uk,The Northern Affinity,
info@theownersnetwork.co.uk,The Owners' Network (TON),
info@thepottersclub.co.uk,The Potters Club,
info@thetribenetwork.co.uk,The Tribe Network,
info@ukcurryconnect.co.uk,UK Curry Connect,
info@wabf.org.uk,Woking Asian Business Forum,
info@waleshrnetwork.cymru,Waleshrnetwork.cymru,
info@wcnwchamber.org.uk,Chamber of trade  -West Cheshire & North Wales,
info@weareintro.co.uk,LA23NET,07738 414357
info@weybridgenetwork.co.uk,Weybridge Independent Network,
info@wirralchamber.co.uk,Chamber of trade  - Wirral,
info@wnychamber.co.uk,Chamber of trade  - West & North Yorkshire,
info@womenahead.co.uk,Women Ahead Dundee and Angus,
info@womeninhealthcare.co.uk,Women in Healthcare UK,
info@wru.wales,WRU Business Club,
info@yawnmarketing.co.uk,The Marketing Meetup - Norwich,
info@yorbusinessevents.co.uk,YORBusiness,
info@yourpartnerships.co.uk,Your Partnerships,0330 1744155
info@yvonnedenman.net,Genuine Networking,0115 9339 000
information@emc-dnl.co.uk,"Chamber of trade  - East Midlands (Derbyshire, Nottinghamshire, Leicestershire)",
infouk@ashoka.org,Ashoka,
interactnetworking@gmail.com,Interact,07711 916 103
invites@londonfintechs.com,LondonFintechs,0207 566 0044
iod.eastmidlands@iod.com,The Institute of Directors - Derbyshire & Nottinghamshire,
iod.northwest@iod.com,The Institute of Directors - Cheshire,
iod.scotland@iod.com,The Institute of Directors - Aberdeen & Grampian,
iod.south@iod.com,The Institute of Directors - Berkshire,
iod.southwest@iod.com,The Institute of Directors - South West,
iod.westmidlands@iod.com,The Institute of Directors - Black Country & Staffordshire,
iod.yorkshire@iod.com,The Institute of Directors - East Yorkshire,
j.love@gardiner.com,Women in Property - Central Scotland,
jacquedrain@lovebiznetworking.co.uk,LoveBiz Networking Three Spires Community,07881 622 301
jacqueline.rogers@theathenanetwork.com,The Athena Network,
jade.hawksworth@footanstey.com,Women in Property - Solent,
james.bruce@stylesandco.co.uk,Fore Business - Warrington,
james.roper@sjpp.co.uk,Fore Business - Ipswich,
james.weaver@wpa-hcp.org.uk,Fore Business - Cheltenham,
james@scurfieldandassociates.co.uk,Fore Business - Brentwood,
james@thebetterbusiness.network,Better Business Network,0161 504 8914
james@theonle.network,ONLE,
jamie@circlenetworks.co.uk,Circle Networks,07740 610761
jamie@scotsafepropertysolutions.co.uk,BNI - Aberdeen North,01224868951
jane.fillis@harrison-drury.com,Women in Property - Lancashire & Cumbria,
janine@femalebusinessnetwork.co.uk,Female Business Network,07767 880881
jason.yeawood@thebusinessclubs.co.uk,TBC - Cambridgeshire - Sue Ryder Thorpe Hall Hospice Group,
jason@pocketbox.co.uk,BITA - Birmingham,07587 035740
jayson.gurney@darlingtonbusinessclub.co.uk,Darlington Business Club ltd,07835 096932
jeff.tucker@traksolutions.co.uk,Fore Business - Swindon,
jenni@sterlingnetworks.co.uk,Sterling - Gloucestershire,01905 947150 Ext 6
jennie@eventraptor.com,Speaker Connections,
jenny@aspireaccounts.com,Fab Networking Group Atherton (Friends & Business),
jenny@real5networking.com,Real5 Networking - Knowsley,
jfgwells57@gmail.com,The Sun Network,07342 691 768
jill@orbuk.org,ORB - Organisation for Responsible Businesses,01702 468387
jim@nustrategy.co.uk,Club FIVE55,07711 228209
jim@printlord.co.uk,Big Business Breakfast Club - Various Venues,07711 948 990
jim@real5networking.com,Real5 Networking - St Helens,
jimmy.drew@derbyshireccc.com,Derbyshire Cricket Club 1870 Business Club,07896 853027
jo.barber@seeing-social.co.uk,Rebel Meetups (Oxford),07976200546 - text only
jo@howdoesshedoit.life,How Does She Do It,
joanna.price@iod.com,The Institute of Directors - Mid Wales,
joanne.sumner@theathenanetwork.com,The Athena Network,
joanne@joannedewberry.co.uk,Joanne Dewberry,
jodes@platformthirty1.com,Platform Thirty1,
joe@themarketingmeetup.com,The Marketing Meetup,
john@greasley.co.uk,Fore Business - Wolverhampton,
johnyoung@johnyounggroup.co.uk,Fore Business - Edinburgh,
jon@businessconnectpublishing.co.uk,Business Connect,07971 575 977
jonathan@llani.wales,Llanidloes Networking,01686 412 492
jonnyuzumaki@gmail.com,Fore Business - Leicester,
joshua.miles@fsb.org.uk,FSB (Federation of Small Businesses) - Wales,
judith@evimero.ltd,Grow Her Business,077247 11637
julia@bwsltd.co.uk,BWC (Business Women Connections),0141 332 8801
juliecameron@lovebiznetworking.co.uk,LoveBiz Networking Arden Community,07876 113 542
karan.wilson@wibn.co.uk,Women In Business Network - Bury St Edmunds,
karen.durcan@fsb.org.uk,FSB (Federation of Small Businesses),
karen@bncel.co.uk,The Business Network Central & East Lancashire,
karen@bwcaberdeen.co.uk,BWC Aberdeen,
kate.cherry@theathenanetwork.com,The Athena Network - Athena Welwyn-Hatfield,
katherine.vass@wibn.co.uk,Women In Business Network - Canterbury,
katherine@popconnect.net,POP Connect,07563 383303
katherine@screenpop.club,ScreenPop,07563 383 303
kathy.thomas@northern-consortium.org.uk,Northern Housing Consortium,0191 566 1013
katrina@business-buzz.org,Business Buzz - Essex,07962 377249
kay@horncastlerecruitment.co.uk,Horncastle Networking Group (recruitment),01507 211501
keith.griffiths@built-environment-networking.com,UKREiiF (The UK's Real Estate Investment & Infrastructure Forum),
kenkennison@hotmail.com,Fore Business - Croydon,
kent@cipsbranch.org,CIPS (Chartered Institute of Procurement & Supply) - Kent,
kenteast@bni.co.uk,BNI -Ashford,
kentwest@bni.co.uk,BNI -BNI Conversion - Kent West,
kevin.attwell@bwmltd.org,Fore Business - Chigwell,
kevin@root-cause-consultancy.co.uk,Fore Business - Newcastle,
kevinmc_donnell@hotmail.com,PPN (Progressive Property Network) - Blackfriars London,
kevinmcdonnell@progressivepropertynetwork.co.uk,PPN (Progressive Property Network) - Sheffield,
kimmi@melbournbusinessassociation.com,Melbourn Business Association,07976 228 377
kirsty@colonynetworking.co.uk,Colony Networking,0844 504 6627
kirsty@va4mums.co.uk,Networking 4 Mums,07763226051
lancs-nw@bni.co.uk,BNI - Eden Business Network - Lancashire North West,
lc@londonchamber.co.uk,Chamber of trade  - London,
leamingtonspa@progressivepropertynetwork.co.uk,PPN (Progressive Property Network) - Leamington Spa,
lee@revitalise-connect.com,Revitalise Networking Club,07855173078
leedsjld@outlook.com,LJLD (Leeds Junior Lawyers Division),
leicestershire@business-buzz.org,Business Buzz - Leicestershire & Rutland,
leigh@leighkadooka.com,Empower Biz Network,001 808-351-5477
leighashbee@progressivepropertynetwork.co.uk,PPN (Progressive Property Network) - Bournemouth,
lesley@networking4essex.co.uk,Networking 4 Essex Women (NEW),
linda@leadershipglobal.com,LeadHerShip Global,00 1 865-850-5485
lindsay.mcloughlin@theathenanetwork.com,The Athena Network,
linsey.luke@fsb.org.uk,FSB (Federation of Small Businesses),07917 628 921
lisa.thomas@parkerandrews.co.uk,Ladies Lunch Plymouth,
lisa@lkpersonaltraining.co.uk,Women In Business Network - Hampstead,
liverpool@bni.co.uk,BNI -BNI Lima - Liverpool,
liverpool@progresspropertynetwork.co.uk,PPN (Progressive Property Network) - Liverpool,
liverpoolsouth@real5networking.com,Real5 Networking - Liverpool South,07815 906 785
liz@totalbusinessnetwork.com,Total Business Network,
london@business-buzz.org,Business Buzz - London,07962 377249
london@cbi.org.uk,The Confederation of British Industry  - London,020 7379 7200
london@cipsbranch.org,CIPS (Chartered Institute of Procurement & Supply) - Central London,
london@iod.com,The Institute of Directors - London,
londoncentral@bni.co.uk,BNI -BNI Central - Central London & The City,
londoneast@bni.co.uk,BNI -BNI Apollo - London East,
londonne@bni.co.uk,BNI -Alliance BNI London NE,
londonse@bni.co.uk,BNI - Rendezvous (Hatch End),
lorraine@arena.org.uk,Arena,07803 853 618
louise.yexley@wibn.co.uk,Women In Business Network - Ampthill & Flitwick Group,07989 020647
louisemonblat@icloud.com,Lyme Business Network,07749 876195
lucy.lloyd@kilsbywilliams.com,SWLBC (South Wales Ladies Business Club),
lwilliams@effcom.co.uk,Cardiff Breakfast Club,029 20 838 310
lynne@bwsltd.co.uk,Business Women Connections,07771 787646
m.emery@birmingham-chamber.com,Chambers of Commerce - Greater Birmingham,07983 150723
m.lockett@chamberelancs.co.uk,Chamber of trade  - East Lancashire,
mail@issba.co.uk,ISSBA (Ipswich & Suffolk Small Business Association),07810 370 141
mail@londonhr.org,London HR Connection,
mail@northernirelandchamber.com,Chamber of Trade Northern Ireland -Chamber of Trade,
mail@richardpavey.co.uk,Promise for Business,078106 47308
mailus@talkbusiness.com,Women Talk Business,
manchester@bni.co.uk,BNI -Alchemy BNI (Didsbury),
manchester@cipsbranch.org,CIPS (Chartered Institute of Procurement & Supply) - Manchester,
mandi@gatwickdiamondbusiness.com,Gatwick Diamond Business,07921 092696
mandie@mandieholgate.co.uk,INsiders,07989 935 556
mandie@thebusinesswomansnetwork.co.uk,The Business Woman's Network,07989 935556
mandy@mybeautifulpen.uk,Fab Networking,07919 051 737
mansfield@sueford-networking.co.uk,Sue Ford Networking,
marc@emjayconsultancy.com,Virtual Power Networking,07906 786505
marcus@artimage.co.uk,BBN (Bay Business Network),
marialawless@signatureassociates.co.uk,BITA - Surrey,07818116029
mark.brown@gbtevents.co.uk,GBT (Golf & Business Network),0161 726 5875
mark@hotseathangout.com,Fore Business - Leatherhead,
mark@real5networking.com,Real5 Networking - Warrington East,07860 830 300
marti@weebitsocial.com,Wee Bit Social,
martyn@periwinkleproperty.com,Fore Business - Chester,
mary@highlandrural.com,Women in Property - Highlands & Islands,
matt@real5networking.com,Real5 Networking - Mersey Gateway,
matthew.robinson@brewin.co.uk,Leicester Hotshots,
mawcommitteeni@gmail.com,MAW (Mums at Work Network),
media@enterprisenation.com,Enterprise Nation,020 3871 2922
meetings@wednesdayclub.org.uk,Wednesday Club,
mel@yorkshireladieslinks.co.uk,Yorkshire Ladies Links,0780 1072222
melissa@real5networking.com,Real5 Networking - Wirral,
memberrelations@iod.com,The Institute of Directors - Hampshire & Isle of Wight,
members@peppercorn.biz,Peppercorn Speed Networking,07840 502 509
membership@homehouse.co.uk,Home House,020 7670 2000
membership@iod.com,The Institute of Directors,
membership@ipse.co.uk,IPSE (The Association of Independent Professionals),020 8897 9970
membership@liverpoolchamber.org.uk,Chamber of trade  - Liverpool,
membership@scci.org.uk,Chamber of trade  - Sheffield,
membership@somerset-chamber.co.uk,Chamber of trade  - Somerset,
membership@theconduit.com,The Conduit,
merseyside@cipsbranch.org,CIPS (Chartered Institute of Procurement & Supply) - Merseyside,
mia.mulquin@fsb.org.uk,FSB London Bootcamp  Spring Into Success,07584228257
michael.chisholm@scottishfa.co.uk,Scottish FA Business Club,
michael.duale@sjpp.co.uk,Fore Business - Norwich,
michael@askmjs.co.uk,Fore Business - Leeds,
michael@freshwalks.co.uk,Fresh Walks,
michael@fusedhealthandsafety.co.uk,Fore Business - Preston,
michael@melvincreative.co.uk,The Association,
michelle@imsinternet.co.uk,The Empowering Entrepreneur,
michelleullyott@lovebiznetworking.co.uk,LoveBiz Networking Leger Saint Don Community,07720 261 416
midlands@cbi.org.uk,The Confederation of British Industry  - Midlands - Birmingham,
midlands@cipr.co.uk,Chartered Institute of Public Relations - Midlands,
mike.orchard@hotmail.com,Fore Business - Swanley,
mikechadwick@progressivepropertynetwork.co.uk,PPN (Progressive Property Network) - South Manchester,
miltonkeynes@progressivepropertynetwork.co.uk,PPN (Progressive Property Network) - Milton Keynes,
mk@business-buzz.org,Business Buzz - Buckinghamshire,01767 222 631
mojogee@progressivepropertynetwork.co.uk,PPN (Progressive Property Network) - Leeds,
mummyonabreak@outlook.com,YaaMas Networking,
natalie@whitcombehr.co.uk,BITA - Kent,07587 035740
neil.eames@fsb.org.uk,FSB (Federation of Small Businesses) - East of England,
neil@businessgrowthclub.net,Business Growth Club,07973 205720
network@cornerstone-northants.org,Cornerstone,07599 027 565
networking@iwant2network.com,I Want 2 Network,020 7096 3923
neurotech4health@gmail.com,Fore Business - West Bromwich,
nick.searle@finecal.co.uk,Fore Business - Taunton,
nick@progressint.com,Fore Business - Goodwood,
nick@zoconetworking.co.uk,Zoco Networking Group,07966 444693
nicki.burgess@lbhf.gov.uk,H&F (Hammersmith & Fulham),
nicky.brock@carterjonas.co.uk,Women in Property - Thames Valley,
nicky@thegrowthcommunity.co.uk,The Growth Community,0333 220 3080
nifo@agcc.co.uk,Chamber of trade  - Aberdeen,
nigel@bforb.co.uk,BforB Networking Clubs,0330 118 8980
norfolk@bni.co.uk,BNI -Ambition Norwich,
north.west@cbi.org.uk,The Confederation of British Industry  - North West,
northamptonshire@business-buzz.org,Business Buzz - Northamptonshire,
northeast@bni.co.uk,BNI -Affinity BNI - Northumbria,
northeast@institute-of-fundraising.org.uk,Chartered Institute of Fundraising - North East,
northern.ireland@cbi.org.uk,The Confederation of British Industry  -Northern Ireland,
northernireland@cipsbranch.org,CIPS (Chartered Institute of Procurement & Supply) -Northern Ireland,
northlancs@cipsbranch.org,CIPS (Chartered Institute of Procurement & Supply) - North Lancashire,
northofscotland@cipsbranch.org,CIPS (Chartered Institute of Procurement & Supply) - North of Scotland,
northumberland@thefarmernetwork.co.uk,The Farmer Network - Northumberland,
northumbria@cipsbranch.org,CIPS (Chartered Institute of Procurement & Supply) - Northumbria,
northwales@bni.co.uk,BNI - Spectrum - North Wales,
northwest@bni.co.uk,BNI -BNI Alpha - Liverpool,
northwest@institute-of-fundraising.org.uk,Chartered Institute of Fundraising - North West,
norwichkittynetworking@gmail.com,Norwich Kitty Business Networking Group,07947 363672
notiesnw2015@gmail.com,No Ties Networking,
office@buylocalnorfolk.org.uk,Buy Local Norfolk,01362 760006
office@cardiffbusinessclub.org,Cardiff Business Club,07713 817905
office@generationsworkingtogether.org,Generations Working Together,0141 559 5024
office@youthscotland.org.uk,Youth Scotland,
operations@wibf.org.uk,WIBF (Women in Banking & Finance),
owc@humber-marine-renewables.co.uk,Humber Marine Renewables,01482 485 271
oxford@progressivepropertynetwork.co.uk,PPN (Progressive Property Network) - Oxford,
oxfordshire@bni.co.uk,BNI -Academy (Oxford),
oxfordshire@business-buzz.org,Business Buzz - Oxfordshire,
p.heathcote@theyorkshiresociety.og,The Yorkshire Society,
pa.joannesumner@theathenanetwork.com,The Athena Network,
pandc@cipsbranch.org,CIPS (Chartered Institute of Procurement & Supply) - Peterborough & Cambridge,
paul.beck@appliedls.co.uk,Chiltern Business Connections,01494 899 796
paul.davies@debtcol.co.uk,Fore Business - Southampton,
paul.lawton@business-matching.co.uk,BMUK,0800 2524 008
paul.livingstone@nof.co.uk,NOF,0191 384 6464
paul.williams@secureinheritance.co.uk,Fore Business - Liverpool,
paul@bita.ie,BITA - London,07587 035740
paul@bnidorset.co.uk,BNI Dorset,
paul@buscomm.co.uk,The Business Community,07949 703137
paul@connectsurrey.com,Connect Surrey,07799 888388
paul@dermodyowen.co.uk,Fore Business - Nottingham,
paul@insanetech.net,BNI Pioneer Online,
paul@kehorne.co.uk,Cross Reference Networking,0770 893 4479
paul@newheritageinteriors.co.uk,Fore Business - Witney,
paul@printdesignteam.co.uk,Fore Business - Birmingham,
paul@uscita.co.uk,Fore Business - Knutsford,
paulsmith@bni.com,BNI Marina,
peter.hudson62@yahoo.com,Fore Business - Welwyn Garden City,
peter.warr2@battbroadbent.co.uk,Fore Business - Bath,
peterborough@progressivepropertynetwork.co.uk,PPN (Progressive Property Network) - Peterborough,
pfitzsimmons@wilfordsmith.com,BNI Fusion Warrington,
phil.pugh@business-matching.co.uk,BMUK,
philgchappell60@gmail.com,Fore Business - Reading,
philip@hysons.co.uk,Fore Business - Basingstoke & Newbury,
pjb@boltonservices.co.uk,The Aylesbury Group (TAG),
president@abw.org.uk,ABW (Ayrshire Business Women),07368 848 762
president@asb-scotland.org,ASB (Association of Scottish Business Women),01343 890306
press@cips.org,CIPS (Chartered Institute of Procurement & Supply),
preston@progressivepropertynetwork.co.uk,PPN (Progressive Property Network) - Preston & Fylde,
publicrelations@womeninproperty.org.uk,Women in Property,
quintin@accendoaccountants.co.uk,Fore Business - Cardiff,
rachael@engage5.co.uk,Women in Property - North West,
rachel.gilbert@wibn.co.uk,Women In Business Network - Billericay & Basildon,
rachelholmes@harrisevolution.com,Women in Property - South West,
rebecca@getaheadva.com,Get Connected,01483 332220
reception@devonchamber.co.uk,Chamber of trade  - Devon,
request@leadingedgebusiness.co.uk,Leading Edge Business Networking,
requisition@swan.io,SWAN,
rhianne.mordecai@wibn.co.uk,Women In Business Network - Caerphilly,
rhiannon.peploe-williams@blakemorgan.co.uk,Women in Property - South Wales,
rich@hmbiz.co.uk,Herefordshire Means Business,01432 620024
richard@nexcen.co.uk,Fore Business - Bristol,
richardssue351@gmail.com,KCC Networking,07815 914844
rob.cornford@mytrustedwills.co.uk,Fore Business - Leamington Spa,
rob@businessgrowth-strategies.com,Fore Business - Bournemouth,
robin@rcla.co.uk,Fore Business - Benfleet (South Essex),
rose@gen-e-networking.com,Gen-e-Networking,
rosemary@scottishpanetwork.com,Scottish PA Network,
rosie.diver@wibn.co.uk,Women In Business Network - Chester,
ru.howard@wibn.co.uk,Women In Business Network - Bolton,
russellt@sbn.scot,Scottish Business Network,07920 008187
ruth@wibn.co.uk,Women In Business Network,
s.noble@electrofitsolutions.org,UNO - BNI Dunstable,
sage.kuo@mygwork.com,myGwork,07873689146
sales@esgnetwork.co.uk,ESG Network,0207 566 0044
sales@omnilocalbusinessnetworking.com,The Omni Business Development Network,07898 870 870
salesmanager@thedartmouthhotel.co.uk,Fore Business - Dartmouth,
sam.beesley@sjpp.co.uk,Fore Business - Bedford,
sam.thomas@countybusinessclubs.co.uk,County Business Clubs,01323 819007
sam@conex-portal.co.uk,ConeX Portal Ltd,07773 033856
sam@sam-networking.co.uk,SAM Networking Ltd,07963253878
samantha.lawton@wibn.co.uk,Women In Business Network - Chiswick,
samra@nottinghamwomenscentre.com,Nottinghamshire Women's Centre,0115 941 1475
samturton@bni.com,BNI South Wales,
sara@4nonline.biz,4N Online,07971 346241
sarah@asandwhenadmin.co.uk,She's The Business,
sben@staffordshire.gov.uk,SBEN (Staffordshire Business & Environment Network),01785 277 379
scotland@cbi.org.uk,The Confederation of British Industry  - Scotland,
scotlandnorth@bni.co.uk,BNI - Energy (Aberdeen),
sean.mcneill@offshoresolar.co.uk,BITA - South West (Devon),07587 035740
sean@fore-business.com,Fore Business,01256 486999
sean@simplymagic.co.uk,BNI The Mighty Nelson,
sean@trustedbusinesscommunity.com,Trusted Business Community,07507 258671
secretary@exeterbusinessclub.co.uk,Exeter Business Club,
secretary@glasgowbusinessclub.co.uk,Glasgow Business Club,07703732136
secretary@mbwc.org.uk,Moray Business Women,
secretary@standrewsbusinessclub.co.uk,St Andrews Business Club,
shai@virtuallythere.co,BNI - Thomas Telford (Telford),
sharon@womensbusinessnetwork.co.uk,Womens Business Network Limited,07976 457278
sharon@yaba.uk.com,yaba (Yorkshire Asia Business Association),
shropshire@bni.co.uk,"BNI - Nova (Newport, Telford)",
shwmae@cynnalcymru.com,Cynnal Cymru,029 2294 0810
sigriddekaste@gmail.com,Global Virtual Networking LIVE on LinkedIn,061414626729
simon.edmondson@business-network.co.uk,The Business Network - Chester,0776 493 428
simon.millar@albanwiseinsurance.co.uk,Monopoly Network,
simon@bni.com,BNI  - Head Office,01923 891992
simon@business-network.co.uk,The Business Network - Birmingham,
simon@knibbs.co.uk,TC (Trusted Contacts),
simon@thechw.co.uk,Connect & Collaborate (Telford),01952454391
smalik@yorkshirenetwork.co.uk,Yorkshire Enterprise Network,
smallbizbigchat@gmail.com,Small Biz Big Chat,
socialmedia@harrogatebusinessgroup.com,Harrogate Business Group,
somerset@bni.co.uk,BNI -BNI Concorde - Somerset,
south.wales@cipsbranch.org,CIPS (Chartered Institute of Procurement & Supply) - South Wales,
south.west@cbi.org.uk,The Confederation of British Industry  - South West,
southlakes@cipsbranch.org,CIPS (Chartered Institute of Procurement & Supply) - South Lakes,
southlondon@cipsbranch.org,CIPS (Chartered Institute of Procurement & Supply) - South London,
southofengland@cipsbranch.org,CIPS (Chartered Institute of Procurement & Supply) - South of England,
southwest@bni.co.uk,BNI -BNI Parade (Bath),
southwest@institute-of-fundraising.org.uk,Chartered Institute of Fundraising - South West,
southyorkshire@cipsbranch.org,CIPS (Chartered Institute of Procurement & Supply) - South Yorkshire,
stephanie@networkb2b.co.uk,Network B2B,0191 300 9050
stephen@motivationmatters.co.uk,Expert Circles Global,01787378851
steve@4nonline.biz,4N Online,0345 1234 444
steve@cagedfish.co.uk,Working Breakfast,
steve@customer-journey.io,Fore Business - Ormskirk,
steve@holezerogolf.co.uk,Fore Business - Doncaster,
steve@steveball-recruitment.co.uk,Fore Business - Hull,
steve@topmarquesuniforms.co.uk,N4B (Networking4breakfast),01787 313 000
stevenjinnes@hbhy.co.uk,Fore Business - Aberdeen,
stratford@progressivepropertynetwork.co.uk,PPN (Progressive Property Network) - Stratford London,
sue@catchdesigns.co.uk,Thirsty Thursday,
suecrooks@lovebiznetworking.co.uk,LoveBiz Networking Impact Executive,07505 847 807
suffolk@bni.co.uk,BNI -BNI Legend - Suffolk,
suffolktechnetwork@gmail.com,ISTN (Ipswich & Suffolk Tech Network),
sukdosanjh1@gmail.com,Women in Property - South East,
support@1networking.biz,1N,0345 862 5011
support@afvbc.com,AFVBC (Armed Forces & Veterans Breakfast Clubs),07392180903
support@bni.com,BNI South Wales,
support@close-focus.co.uk,BNI - BNI Erimus (Belfast),02890996299
support@elitebusinessacademy.co.uk,Elite Business Academy,
support@entrepreneurscircle.org,Entrepreneurs Circle,0121 765 5551
support@goconnections.net,Go Connections,07428 959600
surrey@cipsbranch.org,CIPS (Chartered Institute of Procurement & Supply) - Surrey & Sussex,
susie.sprigg@wibn.co.uk,Women In Business Network - Altrincham,
susie@zestyproperties.co.uk,Wrexham Property Meet,
sussex_east@bni.co.uk,BNI -1st Eastbourne BNI,
suzie@platinumwave.co.uk,EWIF,07793 054233
suzy@uniqueladies.co.uk,Unique Ladies Networking,
swindon@business-buzz.org,Swindon Buzz,
talktous@thegrowthhub.biz,The Growth Hub,
team@cityladiesnetworking.com,City Ladies Networking,
team@forwardthinking.com,Forward Thinking,01254 427 500
team@networkin.uk,Network In,01785 291 129
team@profusion.live,Profusion,01362 709223
team@theteamnetwork.co.uk,The Team Network,
team@westminsterbc.org.uk,Westminster Business Council,
terry@all1network.com,All 1 Network,07940 830406
thames.valley@cipsbranch.org,CIPS (Chartered Institute of Procurement & Supply) - Thames Valley,
thebusinessnestuk@gmail.com,The Business Nest,
themidlands@fsb.org.uk,FSB (Federation of Small Businesses) - East Midlands,
tim.whiston@ismeandco.com,Is Me & CO,
tim@bni-lne.com,BNI Alliance,
tim@collaboratemk.co.uk,Collaborate MK,07786 527845
tim@golfmanagementgroup.co.uk,Fore Business - Watford,
timea.kadar@gmail.com,London Business Society,07946 042941
tina.duggan@bobnetworking.co.uk,BoB Networking,0800 2812829
toastnetworking@gmail.com,Toast Networking,
toby.pawson@conceptvehicleleasing.co.uk,Fore Business - Cobham,
tom@onefoursix.co.uk,Fore Business - Northampton,
tom@themusselclub.co.uk,The Mussel Club,
tom@websir.co.uk,Fore Business - Thame,
toni@quantumvantage.co.uk,Quantum You,07401 149 899
tony@lockfit.co.uk,Fore Business - Shirley,
tony@thebchey.net,The Business Culture HEY,
tori@torideslauriers.com,Women In Business Network - St Albans &amp; Hatfield Group,
tracey.young@ciltuk.org.uk,CILT (Chartered Institute of Logistics and Transport),01536 740 136
tracey@weareinbusiness.co.uk,We are In Business,07551 459545
tracy@b2blunchclub.co.uk,B2B Lunch Club,01603 663300
treehousetribenetworking@gmail.com,Treehouse Tribe Networking,
trevorellse@gmail.com,Fore Business - Canterbury,
val@ladyvalnetwork.biz,Lady Val's Professional Women's Network,07984681013
vicki.messenger@wibn.co.uk,Women In Business Network - Marlow,
vickie@developher.co.uk,DevelopHER,
voice@lbv.co.uk,Leicestershire Business Voice,
wakefield@actioncoach.co.uk,The GrowthNETWORK with ActionCOACH Wakefield Business Coaching,
wales@cbi.org.uk,The Confederation of British Industry  - Wales,
warwickfinancesoc@gmail.com,Warwick Finance Societies,
warwickshire@business-buzz.org,Business Buzz - Warwickshire,
wayne.henderson@me.com,Fore Business - Dundee,
website@birmingham-chamber.com,Asian Business Chamber of Commerce,07971144080
website@blackcountrychamber.co.uk,Chamber of trade  - Black Country,
wellingborough@business-buzz.org,Business Buzz Wellingborough,
wessex@cipr.co.uk,Chartered Institute of Public Relations - Wessex,
west.wales@cipsbranch.org,CIPS (Chartered Institute of Procurement & Supply) - West Wales,
westmidlands@institute-of-fundraising.org.uk,Chartered Institute of Fundraising - West Midlands,
westofengland@cipsbranch.org,CIPS (Chartered Institute of Procurement & Supply) - West of England,
westofscot@cipsbranch.org,CIPS (Chartered Institute of Procurement & Supply) - West of Scotland,
wibse@cibse.org,WiBSE (Women in Building Services Engineering),
wigan@real5networking.com,Real5 Networking - Wigan,07860 830 300
will.clayton@constantinelaw.co.uk,Fore Business - Crewe,
wilmslow@real5networking.com,Real5 Networking - Wilmslow & Alderley Edge,
winse@businessfives.com,Business Sevens,
womeninthelawuk@gmail.com,Women in the Law UK,
worcester@progressivepropertynetwork.co.uk,PPN (Progressive Property Network) - Worcester,
xander@bnidirector.com,Brixton BNI,01923777071
yorkshire_east@bni.co.uk,BNI -Aspire BNI (Hull),
yorkshire_north@bni.co.uk,BNI -Abundance BNI (Harrogate),
yorkshire.humber@cbi.org.uk,The Confederation of British Industry  - Yorkshire & Humber,
yorkshire@bni.co.uk,BNI -Synergy BNI Barnsley,
yorkshire@cipsbranch.org,CIPS (Chartered Institute of Procurement & Supply) - Yorkshire,
yorkshire@institute-of-fundraising.org.uk,Chartered Institute of Fundraising - Yorkshire,
your@necc.co.uk,Chamber of trade  - North East,
zoe.rines@3-sphere.co.uk,London Development Network (LDN),
zoe@zoejphoenix.com,Womenpreneur Collective,
info@britishchambers.org.uk,British Chambers of Commerce (National),
info@neechamber.co.uk,North East Chamber of Commerce,
media@citysikhs.org.uk,City Sikhs (media),
support@4nonline.biz,4Networking,
info@intouchnetworks.com,In Touch Networks,
andrew@sybn.co.uk,South Yorkshire Business Networking,
admin@kingstreetstudios.co.uk,Connects Network (Staffordshire),
businessteam@nottscc.gov.uk,Nottinghamshire Business Support,
customercare@progressiveproperty.co.uk,Progressive Business Network,
info@sterlingnetworks.co.uk,Sterling Networks,
admin@networkb2b.co.uk,Network B2B,
centralservices@bforb.co.uk,BforB – Business for Breakfast UK,
admin@spe.org.uk,Society of Professional Economists,
cardiff@creativemornings.com,Cardiff Start,
contact@meetanet.com,Meetanet + Meetup pages,
contact@uknetworker.co.uk,UKNetworker,
info@business-matching.co.uk,Business Matching UK,
info@lovebusinesseastmidlands.com,Love Business Networking (East Midlands),
enquiries@professionalsuk.co.uk,Professionals UK,
lyndsey@meredithcs.co.uk,Network Cheshire,
caitlin@youronlinemechanic.co.uk,Strategic Alliance Network (Stockport),
amjad@comms-byte.com,Stockport Business Club,
sbp@anme.co.uk,Association of Network Managers in Education (ANME),
info@nnoss.co.uk,National Network of Special Schools SBPs,
info@thetrustnetwork.org.uk,The Trust Network,
info@down2business.org,Down2Business Plymouth,
yournetwork@mencap.org.uk,Your Network,
info@connectyorkshire.org,Connect Yorkshire,
info@yorkshirenetwork.co.uk,Yorkshire Enterprise Network (YEN),
info@yorkshireinbusiness.org.uk,Yorkshire in Business,
events@theyorkshiremafia.com,The Yorkshire Mafia,
biz@visitnorthyorkshire.com,Visit North Yorkshire,
business.newsletter@northyorks.gov.uk,Yorkshire in Business Network - Scarborough,
info@coworkwhitby.co.uk,Cowork Whitby Monthly Socials,
cassie@cfatax.co.uk,Barco business club,
customer.services@northyorks.gov.uk,The Honest Business Club - February,
support@ynygrowthhub.com,YNY Growth Hub,
chiefexec@harrogatechamber.co.uk,Harrogate District Chamber of Commerce,
info@biskit.co.uk,Connect over a cuppa,
csdeventsupport@fsb.org.uk,SUPERNetworking – York & North Yorkshire,
lwbusinessnetwork@gmail.com,Wensleydale Business Network,
info@thirstythursdaystokesley.co.uk,Thirsty Thursdays,
hello@dalesbusinesswomen.co.uk,Dales Business Women,
info@communityfirstyorkshire.org.uk,Community First Yorkshire – Network Events,
jane@daltonspire.co.uk,East Yorkshire Business Expo,
aic.aura@hull.ac.uk,Networking Business Breakfast (University of Hull),
skillshub@heybusinessgrowthskillshub.com,HEY Skills Network,
info@driffield-business.co.uk,Driffield Business Club,
hello@c4di.net,C4DI,
business.support@eastriding.gov.uk,EYRC Events,
phil@pmbd.co.uk,Island Networking – Sheffield & Rotherham,
events@scci.org.uk,South Yorkshire Chamber,
info@sheffieldbusinesstogether.org.uk,Sheffield Business Together,
info@hcfoundation.org.uk,The Business Colab,
elias.dayub@aspray.com,Grafters - Croyden,
paulm@lancschamber.co.uk,North & Western Lancashire Chamber of Commerce,
contact@dealsourcingnetwork.co.uk,Deal Sourcing Network,
clerks@landmarkchambers.co.uk,Landmark Chambers,
training@leedsmind.org.uk,Leeds Mind,
paul@brighterthinking.co.uk,Brighter Thinking Ltd,
info@thecuriousowl.co.uk,The Curious Owl,
youth.council@instituteofhospitality.org,Institute of Hospitality,
membership@hospitalitytitans.co.uk,Hospitality Titans,
hello@festivalofhospitality.live,Festival of Hospitality,
hrtechuk@closerstillmedia.com,HR Technologies UK,
marketing@regen.org.uk,Halifax Opportunites Trust,
hello@thestartupnetworks.co.uk,Startup Networks,
honleybusinessassociation@gmail.com,Honley Business Association,
teams@networkin.uk,NetworkIN,
info@networknotwork.co.uk,netWORK notWORK,
business@redcar-cleveland.gov.uk,Business Redcar Cleveland,
hello@inclusivebytes.org,Inclusive Bytes,
jason@socialchaos.uk,Social Chaos,
sam@platformthirty1.com,Platform Thirty1,
inetwork@tameside.gov.uk,iNetwork,
info@gmecn.org.uk,GMECN,
neuronetworkmcr@calmhorizoncoaching.co.uk,Calm Horizon Coaching,
rosjones@businesswellbeing.club,The Business Wellbeing Club,
info@louthbusinessclub.com,Louth Business Club,
events@spirebarristers.co.uk,Spire Barristers,
businessinfo@northlincs.gov.uk,Invest in North Lincolnshire,
support@batleyentrepreneurshipclub.com,Batley Entrepreneurship Club,
info@womeninbusinesshull.co.uk,Women in Business Hull,
hello@thebchey.net,The Business Culture,
goolebusinessgroup@gmail.com,Goole Business Group,
community@heysmilefoundation.org.uk,Hey Smile Foundation,
rosie.guenzel@warekay.co.uk,Rosie Guenzel,
info@socialprogress.co.uk,Social Progress,
me@audriewoodhouse.com,Audrie Woodhouse - Honestly Speaking,
claire.bentley@isonharrison.co.uk,Ison Harrison,
investhull@hullcc.gov.uk,Invest Hull,
hello@tedco.org,Tedco,
support@b2bexpos.co.uk,B2B Expos,
info@sirius-hull.co.uk,Sirius,
info@ridobusinesscentres.co.uk,Rido Business Centres,
info@torquelaw.co.uk,Torque Law,
neal.purvey@b2bexpos.co.uk,Basingstoke Business Expo,
julie.corlett@b2bexpos.co.uk,Basingstoke Business Expo,
mike@b2bexpos.co.uk,Brighton Business Expo,
matthew@b2bexpos.co.uk,Farnborough Business Expo,
gary@b2bexpos.co.uk,Portsmouth Business Expo,
katherine@b2bexpos.co.uk,Portsmouth Business Expo,
sales@britishmarine.co.uk,Southampton International Boat Show,
exhibiting@southamptonboatshow.com,Southampton International Boat Show Exhibiting,
info@tradeshowsuk.com,Trade Shows UK,
hello@experiumagency.com,Experium Trade Shows,
admin@ukgrandsales.co.uk,UK Grand Sales Exhibition Guide,
hwestwell@oeuk.org.uk,OEUK Share Fair,
info@necgroup.co.uk,National Convenience Show (NEC),
chantellew@max-publishing.co.uk,London International Stationery Show,
sales@hubexhibitions.co.uk,Space-Comm Expo (Hub Exhibitions),
info@btob-events.co.uk,BtoB Events,
business-events@visitbritain.org,VisitBritain Business Events,
115thfife@gmail.com,115th Fife Scout Group,07983 595593
info@2020-recruitment.com,2020 recruitment,01592 805600
info@360hire.events,360 Event Hire,0330 133 4840
adhdmediauk@gmail.com,ADHD Media UK,07756 296156
alfordgarage@outlook.com,Alford Garage,01592 269901
support@igeenet.com,Barty's,1592580088
bearfootcomedyclub@gmail.com,Bearfoot Comedy,
franki@beemortgagewise.co.uk,Bee Mortgage Wise,01592 303293
hello@beessauna.com,Bee's Sauna,
solutionpubco@mail.com,Betty Nicols,01592 590467
reception@bliss-beauty.net,Bliss Beauty,01592 205656
steven_ray@hotmail.co.uk,Braveheart MMA,07517 258905
brennacmcneillsocialmedia@gmail.com,Brenna McNeill Social Media,07834 382565
mcleancoffeelted@gmail.com,Brew Beginning,07958 704760
info@bridgesclean.com,Bridges Cleaning & Hygiene,01592 652299
callumrobertson.fd@hotmail.co.uk,Callum Robertson Funeral Directors,01592 595000
enquiries@carpediemevents.co.uk,Carpe Diem Marquees And Events Limited,01592 646607
nutrition@carrietemple.com,Carrie Temple Nutrition,07900 810663
dawn8230@sky.com,Dawn's Doggy Adventures,07729 228455
fifebathrooms@gmail.com,Fife Bathrooms,07473 179788
everyoneeveryday@corra.scot,"Everyone, Every Day",07718 486806
info@fifeitsupport.co.uk,Fife IT Support,01592 568881
sales@fireandlightning.co.uk,Fire & Lightening,0800 193 0919
gduffyconsultancy@gmail.com,G Duffy Consultancy,7887854812
hayleymatthewsart@gmail.com,Hayley Matthews Art,7753296572
admin@homestartkirkcaldy.org.uk,Home-Start Kirkcaldy,1592565285
hello@insideandout.co.uk,Inside & Out Digital,1592500108
sales@k107.co.uk,K107 FM,01592 645307
nutritioneighty@yahoo.com,Kingdom Nutrition,
lorraprinted@gmail.com,Lorra Printed,7903453039
lorracreations@gmail.com,Lorra Creations,7903453039
m.abodyshop@outlook.com,M.A Bodyshop,01592 261331
niki@nikipatersondesign.com,Niki Paterson Design,
bill@businesswingman.co.uk,Precision Presentation,07971 805163
info@singletrackbikes.co.uk,Singletrack Bikes,01592 724466
soleandbodywork1@gmail.com,Sole and Body Work,
hello@somervillestreetstudio.co.uk,Somerville Street Coworking Studio,01592500108
glenis@stravara.co.uk,Stravara Consulting,07511 623994
ukguestcare@rgsalons.com,Supercuts UK,01592 646034
hello@ventersproperty.com,Venters Property,01592641000
tania@beheardbebravebefree.com,V N Platform Consultancy,
weecarpetshoppe@aol.com,The Wee Carpet Shoppe,01592644661
info@migratedata.co.uk,Migrate Data,
ahsanansari4773@gmail.com,Motion Graphics Design,
info@rlvmortgages.co.uk,RLV Mortgages,
info@solsure.co.uk,Solsure,
pittmainaddiction@yahoo.com,Pittmain Addiction,
matt@thepartypigs.co.uk,The Party Pigs,
info@petaleflowerboutique.com,Petale Flowers,
info@marylebonesmileclinic.co.uk,Marylebone Smile Clinic,
hello@fabshuttersandblinds.co.uk,Fab Shutters and Blinds,
shuttersbythesea@outlook.com,Shutters By The Sea,
enquiries@momentousrelocation.co.uk,Momentous Relocation,
ugnius@rufus.taxi,Rufus Taxi,
info@computerhelps.co.uk,Computer Helps,
admin@beachifa.co.uk,Beach IFA,
hello@hudsonsproperty.com,Hudsons Property,
info@curasurveys.co.uk,Cura Surveys Ltd,
contact@wavestaffing.co.uk,Wave Staffing,
info@reflectionscleaningservices.co.uk,Reflections Cleaning Services,
laurence@bludiamondservices.com,Blu Diamond Services,
sales@premiergt.com,Premier GT Ltd,
web.enquiry@kerrcompressors.co.uk,Kerr Compressor Engineers,
service@john-haynes.com,John Haynes Mercedes,
help@elsbyandco.co.uk,Elsby and Co,
info@coodentaxconsulting.co.uk,Cooden Tax Consulting,
info@patinasofas.com,Patina Sofas,
info@wearecrystalclear.co.uk,Crystal Clear Maintenance,
info@hodsonandco.co.uk,Hodson & Co,
info@surveyorsorted.co.uk,Surveyor Sorted,
damian@gardensofdistinction.uk,Garden of Distinction,
info@rideexecutivebristol.com,Ride Executive Bristol,
domestic@ekems.co.uk,EKEMS,
contact@turfsuppliesessex.co.uk,Turf Supplies Essex,
kmorza@envoyconsultingltd.uk,Envoy Consulting Ltd,
denise.hopkins@hotmail.co.uk,Solutions Therapy,
helpmepestcontrol@hotmail.com,Help Me Pest Control,
info@westwingsolicitors.co.uk,Westwing Solicitors,
plasteringadp@gmail.com,Alpinen Daries Plastering,
info@eligaconsultancy.com,Eliga Consultancy,
info@bathkitchenlondon.com,BathKitchen Revonation,
info@clearifa.com,Clear IFA,
hello@klrinstallations.co.uk,KLR Installations,
edwardelectrify1@proton.me,Sunrise Electricfy,
info@hbsurv.co.uk,Henderson Building Surveyors,
info@home-mot.co.uk,Home Mot,
info@clydeside-surveys.co.uk,Clydeside Surveys Ltd,
info@bestrollergaragedoors.co.uk,Best Roller Garage Doors,
bonniepaving@yahoo.com,Bonnie Paving and Landscaping,
forestoakconstruction@gmail.com,Forest Oak Construction,
info@luminarchitects.com,Lumin Architects,
info@thecorporatedoorcompany.co.uk,CDC Garage Doors,
info@beautysalonequipment.co.uk,Beauty Salon Equipment,
modernessexroofing@gmail.com,Modern Essex Roofing Ltd,
info@downlandgardenrooms.com,Downland Garden Rooms,
info@hallmarkdriveways.com,Hallmark Driveways,
sales@ecostar-renewables.co.uk,EcoStar Renewables,
hello@beales-electrical.co.uk,Beales Electrical,
met@sky.com,MLUXE,
info@genesissom.co.uk,Genesis School of Motoring,
info@pegrumelectricalltd.co.uk,Pegrum Electrical Ltd,
info@leaways.co.uk,Leaways Removals & Storage,
enquiries@albaheatandpower.co.uk,Alba Heat and Power,
tom@highbillinghurstfarm.com,High Billinghurst Farm,
sam@acmsurveying.co.uk,ACM Surveying & Consulting Ltd,
info@ecohomerenewables.co.uk,EcoHome Renewables Ltd,
info@fec-renewables.co.uk,FEC Renewables Ltd,
dave@dxelectrical.com,DX Electrical,
lisa@rulerinteriordesign.com,Ruler Interior Design,
info.bfesltd@gmail.com,Blackpool & Fylde Electrical Services Limited,
info@axoelectrical.com,AXO Electrical Contractors,
info@quadratech.co.uk,Quadratech Diagnostics,
info@universal-safety.co.uk,Universal Safety Practitioners,
tamsintaylorcounsellor@gmail.com,Tamsin Taylor Counselling,
info@parallaxcounselling.co.uk,Parallax Counselling,
sales@durhamelectrics.co.uk,Durham Electrics and Fire,
info@confidenceinfinance.co.uk,Confidence in Finance,
enquiry@neuroalignclinic.co.uk,Neuro Align Clinic,
righttimept@gmail.com,Right Time PT,
info@lessgears.co.uk,Less Gears,
sam@radvanjoinery.co.uk,Radvan Joinery,
info@personaltrainingdidsbury.com,Personal Training Didsbury,
charlie.webb30@gmail.com,AI Consultant Sussex,
aj@marshallphotography.co.uk,Marshall Photography,
cherrytherapies@gmail.com,Lisa Murphy Counselling & Hypnotherapy,
info@nimbusclinics.com,Nimbus Clinics,
sleep@scooms.com,Scooms,
info@outback365.co.uk,Outback 365,
hello@outandaboutcampers.co.uk,Out and About Campers,
uk@fitnesseducationonline.com,Fitness Education Online,
pacaltd@gmail.com,Paul Anderson Chartered Architect Ltd,
kris.soulphotography@gmail.com,Kris Soul Photography,
ana@lumosphotovideo.com,Lumos Photography Studio,
studio@wisharchitects.co.uk,Wish Architects Ltd,
info@aosurveys.co.uk,Anthony Osborne Surveyors Ltd,
info@chartwellsurveying.co.uk,Chartwell Surveying,
info@lynea.co.uk,Lynea Architects,
steven@sklifecoachuk.co.uk,SK LifeCoach UK,
hello@timstraining.co.uk,Tim’s Training,
anna@digitalplantpot.co.uk,Digital Plant Pot,
jack@fakeplasticchairs.co.uk,Fake Plastic Chairs,
info@cpl-ltd.com,CPL Ltd,
contact@btn-bmc.co.uk,Brighton Biomechanics,
info@sturdybuild.co.uk,SturdyBuild,
hello@prattdigital.com,Pratt Digital,
hello@averysurveys.co.uk,Avery & Co,
info@midlandepc.co.uk,Midland EPC,
alana@sdpsy.co.uk,Southdowns Psychotherapy,
sales@britanniacestrian.co.uk,Britannia Cestrian,
customersupport@opencollege.info,Open College UK Limited,
info@thewoodpeckerproject.co.uk,The Woodpecker Project,
boxoffice@wtm.uk,Worthing Theatres and Museum,
office@paulhoda.uk,SEO Expert Paul Hoda,
info@adams-it.co.uk,Adams IT Services,
neilmacca@icloud.com,Willmore Phillips,
mail@rppaccounts.co.uk,Rawlinson Pryde & Partners,
sales@seths.co.uk,Seths Estate Agents,
enquiries@clementsyoung.co.uk,Clements Young,
lettings@turnerscott.co.uk,Turner Scott Lettings,
info@artemis.marketing,Artemis Marketing,
alex@alexandrawilsoninteriors.co.uk,Alexandra Wilson Interior Design,
info@byracheljade.co.uk,By Rachel Jade,
info@startcomms.co.uk,Start Communications,
info@blackfriarslaw.co.uk,Blackfriars Law,
ba@robson-laidler.co.uk,Robson Laidler Accountants,
info@innovateml.co.uk,Innovate Mortgages & Loans,
info@levisolicitors.co.uk,Levi Solicitors LLP,
hampton@firminandco.co.uk,Firmin & Co,
office@forresterandco.com,Forrester and Co,
info@pa-surveyors.co.uk,PA Surveyors,
sales@equityestateagents.com,Equity Estate Agents,
info@harveyjohn.com,Harvey John,
enquiries@edward-harte.co.uk,Edward Harte Solicitors,
contact@integritymortgages.co.uk,Integrity Morgages,
info@sussex.mortgage,Sussex Mortgages,
info@bennett-griffin.co.uk,Bennett Griffin LLP,
finance@graftonbanks.co.uk,Grafton Banks Finance,
sales@laptopworkshop.com,Laptop Workshop,
enquiries@mhhp.co.uk,MHH Partnership,
contact@awcltd.co.uk,Aynesley Walters Cohen,
info@payroll-supermarket.com,Payroll Supemarket,
info@bettertax.org,Bettertax Tax Refunds,
enquiries@uklandlordtax.co.uk,Thandi Nicholls Ltd,
info@aminandcoaccountants.co.uk,Amin & Co Accountants,
hello@franksaccountants.co.uk,Franks accountants,
email@smithbutler.co.uk,Smith Butler Accountants & Business Advisors,
catherine@catherinebookkeeping.com,Catherine Bookkeeping Ltd,
tim@charlesaccountancy.com,Charles Accountancy,
infol@cainandco.co.uk,Cain & Co Bookkeeping Services (UK) Ltd,
enquiries@pwhaccountancy.com,PWH Accountancy Ltd,
mailroom@amgirling.co.uk,Girlings & Co Chartered Accountants Nottingham,
info@eoacc.com,EOACC Ltd,
team@focusaccountancy.co.uk,Focus Accountancy Ltd,
mail@sarahhefferaccountancy.co.uk,Sarah Heffer Accountancy Ltd,
info@1st-stopaccounts.co.uk,1st Stop Accountancy and Tax Services Bristol Ltd,
bestadvice@knowleswarwick.com,Knowles Warwick,
info@bbaccounting.co.uk,BB Accounting Solutions,
info@coalesco.co.uk,Coalesco Accountants,
bill.stevenson@wamstaxltd.com,WAMS Tax Ltd,
info@acumen-accounting.co.uk,Acumen Accounting,
info@hclaccountancy.co.uk,HCL Accountancy Ltd,
office@amplusaccountancy.co.uk,AM Plus Accountancy Ltd,
info@makesworth.co.uk,Makesworth Accountants,
info@completebookkeeping.co.uk,Complete Book-Keeping,
vicky@taxenquiryadvice.com,Tax Enquiry Advice,
accounts@aphaccountants.co.uk,APH Accountants Ltd,
info@pearceaccounts.com,Pearce Accounts Consultancy Services,
info@pearlaccountants.com,Pearl Accountants,
kit@courtbook-keepingservices.co.uk,Court Book keeping Services,
bookkeeping@beckcottage.com,Beck Cottage Bookkeeping,
info@nicholsonandco.co.uk,Nicholson & Co Accountancy,
adam@aceaccountsconsultancy.co.uk,Ace Accounts Consultancy Ltd,
enquiries@sunrisesolicitors.co.uk,Sunrise Solicitors Ltd,
info@thedivorcecompany.co.uk,The Divorce Company,
info@hattonjameslegal.co.uk,Hatton James Legal,
info@lutonfamilylaw.co.uk,Luton Family Law,
enquiries@sr-law.co.uk,Simons Rodkin Solicitors LLP,
info@britonsolicitors.co.uk,Briton Solicitors,
info@donoghue-solicitors.co.uk,Donoghue Solicitors,
enquiries@fortunelaw.com,Fortune Law,
notary@grewalnotary.co.uk,Grewal Notary,
info@csllaw.co.uk,CSL Law,
enquiries@cooperhallsolicitors.co.uk,Cooper Hall Solicitors,
info@dphlegal.com,DPH Legal,
contact@crefovi.com,Crefovi Law Firm,
enquiries@knightsshahsolicitors.co.uk,Knights & Shah Solicitors,
enquiries@gardandco.com,Gard & Co. Solicitors,
enquiries@rotherabray.co.uk,Rothera Bray Solicitors,
dani@employmentlegaladvice.co.uk,Cheal Associates Ltd,
mail@fredericksolicitors.co.uk,Frederick Solicitors,
info@mylegalservices.co.uk,My Legal Services,
jenniferlwiss@gmail.com,Jennifer Wiss-Carline,
info@lyoncroft.co.uk,Lyon Croft Law,
hello@wharfnotaries.com,Wharf Notaries,
info@solidaire.co.uk,Solidaire Solicitors,
info@notaryservicesltd.co.uk,Notary Services Limited,
enquiries@waymanandlong.co.uk,Wayman & Long Solicitors,
enquiries@elpamsolicitors.co.uk,ELP Arbuthnott McClanachan,
info@leonenotaries.com,Leone & Co Notaries Ltd,
info@mjrsolicitors.co.uk,MJR Solicitors,
contact@equitablelaw.com,Equitable Law,
sharonstonenotary@outlook.com,Sharon Stone Notary Public,
mail@isonharrison.co.uk,Cohen Cramer Solicitors,
mail@savillenotaries.com,Saville & Co Scrivener Notaries,
emma.ireland@ten-percent.co.uk,Interim Lawyers,
law@willettsolicitors.com,Willett & Co Solicitors,
info@bblfamilylaw.com,BBL Family Law,
enquiries@nash.co.uk,Nash and Co Solicitors,
enquiries@vhsfletchers.co.uk,VHS Fletchers Solicitors,
lesley@marleysolicitors.co.uk,Marley Solicitors,
info@edwardamaury.co.uk,Edward & Amaury Solicitors,
enquiries@mylondonsolicitors.com,My London Solicitors,
