email,name
aaron.unsworth@thig.co.uk,Fore Business - Manchester North
aaron@networking-essex.co.uk,Networking Essex
adam@advantageinvestment.co.uk,BITA - Liverpool
adam@csone.co.uk,Fore Business - Maidstone
adam@small99.co.uk,Small99
adam@studio55.ie,Fore Business -Belfast North
admin@bswn.org.uk,Black South West Network
admin@business-buzz.org,Business Buzz
admin@businessjunction.co.uk,Business Junction
admin@citywomen.org,City Women Network (CWN)
admin@eagb.co.uk,EAGB  (Executive Association of Great Britain)
admin@fifewomeninbusiness.com,FWB (Fife Women in Business)
admin@hexagonlegal.com,Hexagon Legal Network (HLN)
admin@hgnetwork.org,Herefordshire Green Network
admin@ladieswholatte.com,Ladies Who Latte
admin@mansfieldandashfield2020.com,Mansfield & Ashfield 2020
admin@nottinghamcitybusinessclub.co.uk,Nottingham City Business Club
admin@opendoorz.biz,Opendoorz
admin@prospher.co.uk,ProspHER
admin@smartplaynetwork.org,Smart Play Network
admin@theblackprofessionals.co.uk,The Black Professionals
admin@thesamphireclub.com,The Samphire Club
admin@thinklikeatree.co.uk,Inspired by Nature Network
admin@webx.org.com,WEBX (Weymouth Business Exchange)
admin@whitstablebusinessclub.co.uk,Whitstable Business Club
admin@womanwho.co.uk,Woman Who
adrian.peck@peckuk.com,Fore Business - Colchester
advicenetwork@capitalcitypartnership.org,Edinburgh Advice Network
alan.lowry@fsb.org.uk,FSB (Federation of Small Businesses) - Northern Ireland
alan@business-network.co.uk,The Business Network - Liverpool
alan@liquidindulgence.co.uk,The Share Network Group
alanacaresolutions@gmail.com,Alana Care Solutions
alastair.mcleod@businessdoctors.co.uk,BNI Pavilion
alastairm@cipr.co.uk,Chartered Institute of Public Relations
albert@thefoundersnetwork.co.uk,The Founders Network
alex@altrinchamhq.co.uk,Altrincham HQ
alex@depiqd.co.uk,Fore Business - East Grinstead
alex@networkb2b.co.uk,Network B2B
alex@property-connect.org,Property Connect
alextana1950@gmail.com,Vectis Business Link
ali.tait@mibnetwork.org.uk,Mums in Business
alison@durhambusinessclub.co.uk,Durham Business Group
allisonk@deliciouslyorkshire.co.uk,Deliciously Yorkshire
alun.edwards@mmc-management.co.uk,Fore Business - Wirral
alvina@bwcedinburgh.co.uk,BWC Edinburgh & Fife
amanda@national-womens-network.co.uk,NWN (National Women's Network)
amy.wilkes@wibn.co.uk,Women In Business Network - Cambridge North
amy@business-network.co.uk,The Business Network - South Humberside
andrew@hospitalitynetwork.co.uk,Hospitality Network
andrew@real5networking.com,Real5 Networking
andrew@successnetworking.co.uk,Success Networking
andrewjoy@actioncoach.co.uk,ActionCOACH UK
andy.griffiths@kentcricket.co.uk,Team Kent Business Club
andy.k.smealliance@gmail.com,SME Alliance
andy.martin@real5networking.com,Real5 Networking - Liverpool
andy@catandra.co.uk,Fore Business - Horsham
andy@mhfatraininguk.co.uk,Fore Business - Manchester South
andy@mpr-it.co.uk,Fore Business - Caterham
andy@syob.net,SYOB (Start Your Own Business
andyguile@askandyguile.co.uk,Proper Networking
angela@womensbusiness.club,Women's Business Club
anna.atkinscarter@theathenanetwork.com,The Athena Network
annabel.robbins@hrdept.co.uk,IBN (Island Business Network)
annick@therooster.co.uk,Moor Park Business Club
antoniadalessio@gilbertstephens.co.uk,Women in Property - Devon & Cornwall
april.marsden@bowmanriley.com,Women in Property - Yorkshire & North East
aruna@busynetworking.net,Busy Networking
aruna@bwnetworking.co.uk,Busy Women Networking
as@groupams.co.uk,BITA - Manchester
avbn@ambervalley-business-networking.co.uk,Amber Valley Business Networking
babble@businessbabble.net,Babble
barry@wordsmart.biz,Prosper (Hybrid)
barry@yorkshirewinerascal.com,Fore Business - Harrogate
bath@businessfocusnetworking.co.uk,Bath Business Focus
bedford@business-buzz.org,Business Buzz - Bedfordshire
beds@bni.com,Blaze BNI (Hitchin)
bedsandherts@cipsbranch.org,CIPS (Chartered Institute of Procurement & Supply) - Bedfordshire & Hertfordshire
ben@buzzbd.co.uk,Fore Business - Bradford
berkshire@bni.co.uk,BNI -Ascot
beverley.holmes@wnychamber.co.uk,West & North Yorkshire Chamber of Commerce
bgh@growthco.uk,GM Business Growth Hub
bipcnorfolk@norfolk.gov.uk,Business & IP Centre Norfolk
birmingham@bni.co.uk,BNI -Ace BNI (Dorridge)
birmingham@cipsbranch.org,CIPS (Chartered Institute of Procurement & Supply) - Birmingham & Coventry
blackcountry@bni.co.uk,BNI -Achievers BNI (Wolverhampton) - Black Country
bni@eurobni.com,BNI - BNI Belfast Waterfront
bni@virtuallythere.co,BNI Thomas Telford (Newport)
bninorthwales@bni.co.uk,BNI - Deeside - North Wales
bookings@menta.org.uk,MENTA Networking Events
boundary.club@essexcricket.org.uk,Essex Cricket Business Club
brentwood@progressivepropertynetwork.co.uk,PPN (Progressive Property Network) - Brentwood
brett@ybworld.co.uk,Your Business World
brettsgroup@hotmail.com,Fore Business - Sheffield
brian.hardie@themarketingcentre.com,Fore Business - Marlow & Maidenhead
brian@bbnetworking.co.uk,BBN Networking
brianmorrison.glasgow@gmail.com,BizSocial Networking
bristol@bni.co.uk,BNI -BNI Bradman (Bristol)
bristol@real5networking.com,Real5 Networking - Bristol
britishasianbusiness@iod.com,The Institute of Directors British Asian Business Group
business.club@nufc.co.uk,Newcastle United Business Club
cambridgeshire@bni.co.uk,BNI -BNI Granta - Cambridge
capbusinessclubs3@gmail.com,CAP Business Clubs
carol@events-simplified.co.uk,BNI -Graphene BNI (Manchester - Mid Morning)
caroline@4nonline.biz,4N Online
caroline@business-network-ltd.co.uk,The Business Network Ltd -
carolinehazell@thompsondarwin.com,Superwoman
cashback@marknorthall.com,BAB Networking
catherine.dryburgh@barratthomes.co.uk,Women in Property - Northern Scotland
cbn@swanseacity.com,CBN (City Business Network)
centralsouth@institute-of-fundraising.org.uk,Chartered Institute of Fundraising - Central South
ceylan.boyce@wibn.co.uk,Women In Business Network - London City
chair@abcbusinessnetwork.org,ABC Business Network
chair@readingbusinessclub.com,Reading Business Club
chairman@basingstokebusinessclub.org.uk,Basingstoke Business Club
chairman@doyleclub.org,The Doyle Club
chamber@doncaster-chamber.co.uk,Chamber of trade  - Doncaster
chamber@glasgowchamberofcommerce.com,Chamber of trade  - Glasgow
chamber@iwchamber.co.uk,Chamber of trade  - Isle of Wight
charlie@bniglasgowsl.com,BNI - BNI (Glasgow)
chelsea.brennan@iod.com,The Institute of Directors -Northern Ireland
cheltenham@business-buzz.org,Business Buzz - Cheltenham
chesandnorthwales@cipsbranch.org,CIPS (Chartered Institute of Procurement & Supply) -Cheshire & North Wales
chessocialites@gmail.com,The Cheshire Club
chris.tucker@scmsales.co.uk,Fore Business - Derby
chris@121businesslinks.co.uk,121 Business Links
chris@smesuccess.co.uk,Business Growth Club
christina@goldfinchgatherings.co.uk,Goldfinch Gatherings
cipr.glg@gmail.com,Chartered Institute of Public Relations - Greater London
cipreastanglia@gmail.com,Chartered Institute of Public Relations - East Anglia
ciprscotland@gmail.com,Chartered Institute of Public Relations - Scotland
cj@integritytaxation.co.uk,Fore Business - Telford
claire.herbert@gateleylegal.com,Network LE
claire.muir3@nhs.net,Cumbria Social Enterprise Partnership
claire@catena-network.co.uk,Catena Network
claire@wearewakefield.org.uk,We Are Wakefield
clara@ezpublishing.co.uk,Vox Networking
clare@clarefarthing.co.uk,South Somerset Meetups
clubhouse@threebridgesfc.co.uk,Three Bridges Football Club 200
co-chairs@gwn.org.uk,GWN (LGBTQ+ Women's Network)
coastalmeetings@gmail.com,CoastalNet
colin@edinburghconnections.co.uk,Edinburgh Connections
colin@savemoney.me.uk,Network Plymouth
colinread@bni.co.uk,BNI - Castle BNI (East Kilbride)
dionneread@bni.co.uk,BNI - Castle BNI (East Kilbride)
commercial@afcwimbledon.co.uk,AFC Wimbledon Business Club
commercial@rangers.co.uk,Rangers Business Club
commercial@southend-united.co.uk,The Blues Business Club
commercial@swfc.co.uk,Club Wednesday Sheffield Weds FC
commercialteam@tigers.co.uk,Leicester Tigers Business Club
connect@birminghamsuniquenetwork.com,BUN (Birmingham's Unique Network)
connect@clubsynergy.co.uk,Club Synergy
connect@dobusinessnetwork.com,Do Business Network
constructorsclerk@constructorscompany.co.uk,The Worshipful Company of Constructors (WCC)
contact.support@globalscot.com,Global Scot
contact@cadrerocket.com,Cadre Rocket
contact@dorsetchamber.co.uk,Chamber of trade  - Dorset
contact@fleet4business.co.uk,Fleet 4 business
contact@go-tribe.co.uk,GoTribe
contact@ilikenetworking.uk,I Like Networking
contact@propertyfoundationsgroup.co.uk,Property Foundations Group
contact@smallbusinessnetwork.ltd,Denbighshire Small Business Network
contact@thecareersedit.com,The Careers Edit
contact@theyorkshiresociety.org,The Yorkshire Society
contactus@helmclub.co,Helm
coral@pinklinkladies.co.uk,Pink Link Ladies
corinnanicol@gmail.com,Connect Women in Biz
craig@crseditorial.co.uk,CRS Editorial Leeds Netwalk
customerservices@fsb.org.uk,FSB (Federation of Small Businesses)
customerservices@thamesvalleychamber.co.uk,Chamber of trade  - Thames Valley Swindon
customerservices@tvchamber.co.uk,Chamber of trade  - Thames Valley
dan@cambridgeunited.com,Cambridge United Business Club (Football Club)
dandc@cipsbranch.org,CIPS (Chartered Institute of Procurement & Supply) - Devon & Cornwall
danielle@theheathhomeopath.co.uk,Women In Business Network - Highgate & Finchley
danny@emworkwear.com,Fore Business - Huddersfield
daryl@networx4business.co.uk,networx4business
dave.clements@grafterssupergroups.co.uk,Edgbaston Grafters Super Group
david@real5networking.com,Real5 Networking - Knutsford & Altrincham
david@southcoastgolf.co.uk,South Coast Golf Networking
davidthompson@teamvalleygroup.co.uk,Gateshead Business Club
dawn@uniqueladies.co.uk,Unique Ladies Networking - Hyndburn
dawnadlam@bni.com,BNI  - Head Office
dean@deanafox.com,Fore Business - Darlington
debbie.atkins@theathenanetwork.com,The Athena Network Reading &amp; Henley Region
debbie@businesswomenunltd.co.uk,Businesswomen UnLtd
deborah.chappell@fsb.org.uk,FSB (Federation of Small Businesses) - Greater London
derbyshire@bni.co.uk,BNI -BNI Trailblazers - Derbyshire South
derbyshire@cipsbranch.org,CIPS (Chartered Institute of Procurement & Supply) - Derby & East Midlands
devonwomeninbusiness@gmail.com,Devon Women in Business
dianne.richardson@becbusinesscluster.co.uk,BECBC (Britain's Energy Coast Business Cluster)
dionne@bniscotlandse.com,"BNI Scotland South, East &amp; Central"
discover@xpandmarketing.co.uk,Xpand Marketing
dorset@bni.co.uk,"BNI -Bay, Bournemouth"
dumfries@real5networking.com,Real5 Networking - Dumfries
duncan@1pcs.co.uk,BNI Leicestershire and Rutland
durhamteesside@bni.co.uk,BNI -Steel BNI (Middlesbrough)
east.anglia@cipsbranch.org,CIPS (Chartered Institute of Procurement & Supply) - East Anglia
east.england@cbi.org.uk,The Confederation of British Industry  - East of England
east@iod.com,The Institute of Directors - Cambridgeshire
eastanglia@ciof.org.uk,Chartered Institute of Fundraising - East Anglia
eastmidlands@bni.co.uk,BNI -BNI @J28 - Derbyshire South
eastmidlands@institute-of-fundraising.org.uk,Chartered Institute of Fundraising - East Midlands
eastofscot@cipsbranch.org,CIPS (Chartered Institute of Procurement & Supply) - East of Scotland
ed@edboakesdriving.co.uk,Fore Business - Aylesbury
ed@womenmeanbusiness.com,Women Mean Business (WMB)
edenslounge@gmail.com,Eden's Lounge
eelassociation@gmail.com,EEL
elaine@discplus.health,The Perfect Health Hub
emma.clack@wibn.co.uk,Women In Business Network - Hertford & Ware
emma.smailes@fsb.org.uk,FSB (Federation of Small Businesses) - North West
emma@fireflyhub.uk,Firefly Hub
emma@heneomhr.com,Women In Business Network - Hertford &amp; Ware Group
enquires@britishchambers.org.uk,Chamber of trade
enquiries@advancenorthumberland.co.uk,Advance Northumberland
enquiries@ayrshire-chamber.org,Chamber of trade  - Ayrshire
enquiries@betternetworking.co.uk,Better Networking Hubs
enquiries@blacksolicitorsnetwork.org,Black Solicitors Network
enquiries@bnidevon.co.uk,BNI Devon
enquiries@bnionline.co.uk,BNI Brunch (Samlesbury)
enquiries@cambscci.co.uk,Chamber of trade  - Cambridgeshire
enquiries@cbi.org.uk,The Confederation of British Industry
enquiries@designnetworknorth.org,Design Network North
enquiries@essexchambers.co.uk,Chamber of trade  - Essex
enquiries@fieldtrainingservices.co.uk,BNI - Cardiff Central
enquiries@forestschoolassociation.org,FSA Herefordshire (Forest School Association)
enquiries@forwardladies.com,Novi
enquiries@hertschamber.com,Chamber of trade  - Hertfordshire
enquiries@hwchamber.co.uk,Chamber of trade  - Herefordshire & Worcestershire
enquiries@lbn.org.uk,Lakeland Businesswomen's Network (LBN)
enquiries@lincs-chamber.co.uk,Chamber of trade  - Lincolnshire
enquiries@maggies.org,Maggie's
enquiries@marchesgrowthhub.co.uk,Marches Growth Hub
enquiries@nbwn.co.uk,Norwich Business Women's Network (NBWN)
enquiries@reply.professionalsuk.co.uk,Professionals UK
enquiries@shinespace.co.uk,Shine Space
enquiries@shropshire-chamber.co.uk,Chamber of trade  - Shropshire
enquiries@wearecatalyst.org,We Are Catalyst
enterprise-works@york.ac.uk,Enterprise Works
essex@cipsbranch.org,CIPS (Chartered Institute of Procurement & Supply) - Essex
essexeast@bni.co.uk,BNI -BNI Action - Essex East
essexwest@bni.co.uk,BNI -BNI A27 - Essex West
events@londonbusinessnetwork.uk,London Business Network
events@madewithmaturity.com,The Cream Tea Club
events@md2md.co.uk,MD2MD
events@networking.london,Networking London
events@pinklinkladies.co.uk,Pink Link
events@somersetcountycc.co.uk,The In-Field Business Club Somerset County CC
faye@freelancemum.co.uk,Freelance Mum
felicia@tben.co.uk,The Black Economists Network
fiona@getaheadva.com,Get Connected
foylebusinessnetwork@gmail.com,Foyle Business Network
francesca@everywoman.com,Every Woman
frank@fgmboilerservice.co.uk,BNI - BNI Lisburn
frankie@totallinemarking.co.uk,BITA - BITAx
garry.clark@fsb.org.uk,FSB (Federation of Small Businesses) - Scotland
gary@boombusinessclub.com,Boom Business Club
gary@grafterssupergroups.co.uk,Grafters
gavin@gslmedia.co.uk,Fore Business - Plymouth
gavin@purewealthmanagement.co.uk,Fore Business - Chepstow
gem@yorkshireindie.co.uk,Yorkshire Indie
general.enquiries@britishcouncil.org,The British Council
geoff@the-yorkshiremafia.co.uk,Silicon Yorkshire
geoff@theyorkshiremafia.com,The Yorkshire Mafia
george.kwuk@gmail.com,The Growth Community
getconnected@my-chamber.co.uk,Chamber of trade  - Mid Yorkshire
gill.wood@edinburghrugby.org,Edinburgh Rugby Business Club
gill@collaborationglobal.org,Collaboration Global
gilles@gillespelenc.com,Fore Business - Guildford
glasgow@progressivepropertynetwork.co.uk,PPN (Progressive Property Network) - Glasgow
glasgowsl@bni.co.uk,BNI - Enterprise BNI - Glasgow & South Lanarkshire
glenda@fabulousnetworking.co.uk,Fabulous Networking
glenn@business-network.co.uk,The Business Network Birmingham
gloucester@cipsbranch.org,CIPS (Chartered Institute of Procurement & Supply) - Gloucester
glowlincs@gmail.com,GLOW (Greater Lincolnshire's Outstanding Women)
governor.services@norfolk.gov.uk,Peer Networks (Schools & Learning Providers)
grace@nwmnetwork.co.uk,Norfolk Women's Marketing Network (NWM Network)
groups@grafterssupergroups.co.uk,Grafters - Berkshire Royal
growth@kub-uk.com,Power Networkers Hub
growthhub@heylep.com,HEY Growth Hub
growthhub@semplep.com,Semlep's Growth Hub
guy@ggfit.co.uk,Fore Business - Wokingham
guy@ggfit.com,Padel Partners Networking
h.hambleton@uhy-uk.com,M4 Business Network
halsteadottley@progressivepropertynetwork.co.uk,PPN (Progressive Property Network) - Ipswich
hampshirenorth@bni.co.uk,BNI - Phoenix Basingstoke
hampshiresouth@bni.co.uk,BNI -BNI Prime Online - Hampshire South
handw@cipsbranch.org,CIPS (Chartered Institute of Procurement & Supply) - Herefordshire & Worcestershire
hannah@pi-sq.co.uk,Women in Property - Midlands
harrow@cipsbranch.org,CIPS (Chartered Institute of Procurement & Supply) - Harrow
harry.harrison@fsb.org.uk,"FSB (Federation of Small Businesses) - Yorkshire, Humber and the North East"
heather@ladiesnetwork.co.uk,Ladies Network
heidimobbs@progressivepropertynetwork.co.uk,PPN (Progressive Property Network) - Humberside
hela@sistersnog.com,SisterSnog
helen.bantock@theathenanetwork.com,The Athena Network Richmond
helen.clarke@wibn.co.uk,Women In Business Network - Pendle
helen.williams@real5networking.com,Real5 Networking - Windsor & Maidenhead
helen@business-network.co.uk,The Business Network
hello.likemindedprofessionals@gmail.com,Like-Minded Professionals
hello@bigonemarketing.co.uk,Friends In Business
hello@biignetworking.co.uk,BiiG (Business in Ilminster Group)
hello@bizgroup66.co.uk,Biz Group 66
hello@blackcommsnetwork.co.uk,UK Black Comms Network
hello@blueskyseo.co.uk,Breakfast Bites
hello@bromleybusinessnetwork.co.uk,Bromley Business Network Limited
hello@buzzbusinessnetworking.eu,Buzz Business Networking
hello@cambridgewireless.co.uk,Cambridge Wireless
hello@cornwallchamber.co.uk,Chamber of trade  - Cornwall
hello@creativecontent.company,Creative Content Company
hello@cwscreatives.com,Coffee Work Sleep (CWS)
hello@do-good.co.uk,Do good Networking
hello@eastmeetswestclub.com,East Meets West Club
hello@elevatingbusiness.co.uk,Elevating Business
hello@face2facemaidenhead.co.uk,Face2Face Maidenhead Business Networking
hello@g12businessclub.co.uk,G12 Business Club
hello@gbshared.co.uk,"GB Shared, Responsible Business - National Community"
hello@grubclubcambridge.co.uk,Grub Club
hello@hammersmithnetworking.co.uk,Hammersmith Networking
hello@hashtagevents.co.uk,Hashtag Events Business Club
hello@kimbolton.online,Kimbolton Connects
hello@kukuconnect.co.uk,KUKU Connect
hello@lynx19.com,Business Lynx
hello@manchesterhospitalitynetwork.co.uk,MHN (Manchester Hospitality Network)
hello@mantlespace.co.uk,Mantle Space - Go Meet
hello@msgbusinesselevate.com,MSG Business Elevate
hello@mybusinessnetworking.co.uk,What's My Business
hello@networking-women.com,Networking Women
hello@networkshe.co.uk,Network She
hello@nexusleeds.co.uk,"Nexus, University of Leeds"
hello@nnbn.co.uk,NNBN
hello@norfolkchambers.co.uk,Chamber of trade  - Norfolk
hello@northwalessocial.co.uk,NWS (North Wales Social)
hello@nottinghampartners.co.uk,Nottingham Partners
hello@outside-ideas.com,Outside Ideas
hello@plcnetworking.uk,PLC Business Networking Group
hello@plusgroup.org,Plus Group
hello@pne-uk.com,HPN (Healthcare Partnership Network)
hello@powerofwomen.org.uk,Power of Women
hello@progressiveproperty.co.uk,PPN (Progressive Property Network)
hello@scottishnationalnetwork.com,Scottish National Network
hello@searchnorwich.org,Search Norwich
hello@smallbusinessbritain.uk,Small Business Britain
hello@speednetworkinggroup.com,Speed Networking Group
hello@ssen.org.uk,Sheffield Social Enterprise Network
hello@talkbusiness.co.uk,Talk Business UK
hello@the-gba.co.uk,Gay Professional Network (GPN)
hello@the19thclub.co.uk,Whole In One
hello@thecurryclubs.co.uk,The Curry Club
hello@thesussexmum.com,The Sussex Mum
hello@thewealthywomancompany.co.uk,The Wealthy Woman Company
hello@topnetworking.co.uk,TOP Networking
hello@vhmcharityconsultancy.com,Shropshire Charity Network
hello@weareinbusiness.co.uk,We are In Business
hello@wedoscotland.com,WeDo Scotland
hello@women-connect.co.uk,Women Connect
hello@womenwd.com,Women Who Do (WWD)
hello@womenwhouk.co.uk,"Women Who Business Networking, Kidderminster"
hello@yourbusinessmatters.co,Your Business Matters.co
hello@zokit.co.uk,Zokit
help@colleaguesontap.com,Colleagues on tap
hertfordshirenorthandeast@bni.co.uk,BNI -Synergy (Hertford)
herts@bni.co.uk,BNI -Alban (St Albans)
hi@foundxrsclub.com,Foundxrs Club
hive@networkbee.uk,Network Bee
hola.spitalfields@secondhome.io,Second Home
holborn@progressivepropertynetwork.co.uk,PPN (Progressive Property Network) - Holborn
holly.nixon@theathenanetwork.com,The Athena Network - Warwickshire
howard@numersrus.co.uk,Network4Business
humber@cipsbranch.org,CIPS (Chartered Institute of Procurement & Supply) - Humber
iain@weirassociates.co.uk,Fore Business - Cambridge
ian@bobconnections.co.uk,BoB Connections
ian@digitalpeninsula.com,Network Cornwall
ian@shoutnetwork.co.uk,Shout Network
ian@virtualnonexecs.com,VNXD
info.costa@btconnect.com,Costa Rural Support Network
info@3csnetworking.co.uk,3CS Networking
info@abcnetworking.biz,ABC Networking
info@aberdeenrenewables.com,AREG (Aberdeen Renewable Energy Group)
info@agamers.co,AGame Masterminds
info@alexander-accountancy.co.uk,Alexander Accountancy's Property People
info@alfrescoadventures.co.uk,"Alfresco Adventures, Netwalking in Yorkshire"
info@allbright.co,AllBright
info@armaghbusinessnetwork.co.uk,The Business Network - Armagh
info@b4-business.com,B4
info@bawe-scotland.org,BAWE (British Association of Women Entrepreneurs in Scotland)
info@berkshiregrowthhub.co.uk,Berkshire Growth Hub
info@berkshiremummies.co.uk,Berkshire Mummies
info@bgateway.com,Business Gateway
info@birmingham-chamber.com,Chamber of trade  - Greater Birmingham
info@bitcni.org.uk,The Responsible Business Network Northern Ireland
info@blackbritishcitygroup.com,Black British City Group
info@bni-irvine.co.uk,BNI - Magnum BNI (Irvine)
info@bnnl.co.uk,BNNL (Business Networking North London)
info@bowlsscotland.com,Bowls Scotland
info@bpa-online.co.uk,BPA (Bournemouth Property Association)
info@brchamber.co.uk,Chamber of trade  - Barnsley & Rotherham
info@bristolprivateclients.com,Private Client Network
info@bucks-fizz.biz,Bucks Fizz Networking
info@businessbase.org.uk,Business Base
info@businessfocusburton.co.uk,Business Focus Networking - Burton
info@businessforcalderdale.co.uk,Business for Calderdale
info@businesswest.co.uk,Business West
info@buzzardnetworking.co.uk,Buzzard Networking
info@bypnetwork.co.uk,BYP Network
info@cambridgeshirefa.com,1884 Business Club (Cambridgeshire FA)
info@chamber-business.com,Bedfordshire Chamber of Commerce
info@ciof.org.uk,Chartered Institute of Fundraising
info@cityprofessionalsnetwork.co.uk,City Professionals Networking (CPN)
info@cognitionevents.co.uk,Cognition Events
info@colabgroup.co.uk,CoLab
info@colemantrainingdevelopment.com,Coleman Training Development
info@cotswoldnetworking.co.uk,Cotswold Networking Bath
info@cumbriachamber.co.uk,Chamber of trade  - Cumbria
info@cw-chamber.co.uk,Chamber of trade  - Coventry & Warwickshire
info@cw-seswm.com,Chamber of trade  - Chambers Wales
info@cwentrepreneursnet.com,Canary Wharf Female Entrepreneurs Network
info@directorgolf.com,Director Golf
info@dragonsofnewport.com,Dragons of Newport
info@dublcheckcleaning.co.uk,BNI - Carnegie (Dunfermline)
info@dundeeandanguschamber.co.uk,Chamber of trade  - Dundee & Angus
info@dungannonenterprise.com,Dungannon Enterprise
info@dwellings4u.co.uk,Dwellings4U
info@edinburghchamber.co.uk,Chamber of trade  - Edinburgh
info@egba.co.uk,EGBA (East Grinstead Business Association)
info@enterpriseconnexions.com,Enterprise Connexions
info@entrepreneursforum.net,Entrepreneurs Forum
info@essexbusinessforum.com,Essex Business Forum
info@essexbusinesspartnerships.org.uk,Essex Business Partnerships
info@executivenetworkgroup.co.uk,ENG (Executive Network Group)
info@fifechamber.co.uk,Chamber of trade  - Fife
info@fignorwich.org,Fig Norwich (Financial Industry Group)
info@fitandfurnish.co.uk,Fore Business - Weston-Super-Mare
info@fpb.org,The Forum of Private Businesses
info@fwin.org.uk,Foyle Women's Information Network
info@glasgowgirlsclub.org,Glasgow Girls Club
info@gmchamber.co.uk,Chamber of trade  - Greater Manchester
info@good-2-great.co.uk,Good2Great
info@hampshirechamber.co.uk,Chamber of trade  - Hampshire
info@hbw.scot,hbw (Highland Business Women
info@heatpumps.org.uk,HPA (Heat Pump Association)
info@herefordhsg.co.uk,Herefordshire Health & Safety Group (HHSG)
info@hethelinnovation.com,Hethel Innovation
info@hivenetworking.co.uk,Hive Networking
info@homegrownclub.co.uk,Home Grown Club
info@hull-humber-chamber.co.uk,Chamber of trade  - Hull & Humber
info@iamwoman.biz,IAW (I Am Woman)
info@ibngroup.co.uk,IBNG (Independent Business Networking Group)
info@introbiz.com,IntroBiz
info@inverness-chamber.co.uk,Chamber of trade  - Inverness
info@isbe.org.uk,ISBE (Institute for small business and entrepreneurship
info@jbn.london,JBN (Jewish Business Network)
info@k2networking.co.uk,K2N
info@kentinvictachamber.co.uk,Chamber of trade  - Kent Invicta
info@king-networking.co.uk,KiNG (Kernow Independent Networking Group)
info@lanarkshirebusinessgroup.com,Lanarkshire Business Group
info@lancschamber.co.uk,Chamber of trade  - North & Western Lancashire
info@ledburyandnewentnetwork.co.uk,Ledbury & Newent Network
info@leedsinvolvement.org.uk,Leeds Involving People
info@letsdo.co.uk,Let's Do Business
info@localbusinessconnections.com,Local Business Connections
info@londonnetworkingclub.com,London Networking Group
info@londonreferralnetwork.com,London Referral Network
info@londonwomensforum.org,London Women's Forum
info@lovewimbledon.org,Love Wimbledon
info@mbnsolutions.com,MBN
info@medina-business.com,Medina Business Exchange
info@met-events.co.uk,Met Events
info@middevonnetwork.co.uk,Mid Devon Network
info@millandbrae.com,BNI - Abbey (BNI (Paisley)
info@millionairenetworkinsocialclub.com,Millionaire Club
info@mintbusinessclub.co.uk,Mint Business Club
info@mwmg.org,MWMG (Mid Wales Manufacturing Group)
info@nacue.com,National Assocation of College & University Entrepreneurs (NACUE)
info@nationalretrofithub.org.uk,National Retrofit Hub
info@nbg.co.uk,Network Group
info@nbwn.org,NBWN (National Black Women's Network)
info@newburybusiness.co.uk,Newbury Business Group
info@newportbusinessclub.co.uk,City of Newport Business Club
info@norfolknetwork.com,Norfolk Network
info@northeastnetwork.co.uk,North East Network
info@nwbc.org.uk,North Wales Business Club
info@oascotland.org.uk,Officers' Association Scotland
info@outbritain.co.uk,Out Britain
info@pathway2grow.co.uk,Pathway2Grow (Coffee & Natter)
info@pbn.org.uk,pbn (Perthshire Businesswomen's Network)
info@plymouthbusinessnetwork.co.uk,Plymouth Business Network
info@powerfulwomen.org.uk,POWERful Women
info@priddeymarketing.co.uk,OxfordSTEM.Network
info@procon-nottinghamshire.co.uk,Procon Nottinghamshire
info@propertyinvestorsnetwork.co.uk,PIN (Property Investors Network)
info@provnetworking.co.uk,Pro V Networking
info@redditchunited.co.uk,Redditch United Business Club
info@renfrewshirechamber.com,Chamber of trade  - Renfrewshire
info@ribbons-network.com,Ribbons
info@risetohealthcoaching.com,Awakened Connections Network
info@robinoxford.org.uk,ROBIN (Responsible Oxfordshire Business Involvement Network)
info@rsvipnetwork.co.uk,RSViP Network
info@sccci.co.uk,Chamber of trade  - South Cheshire
info@scrprovidernetwork.co.uk,SYPN Network
info@sdpscotland.co.uk,HINT (Highlands and Islands Networking Together Group)
info@semla.org.uk,SEMLA
info@severnbusinessnetwork.co.uk,Severn Business Network
info@shebusiness.co.uk,She Business
info@simplybusinessmagazine.co.uk,Simply Business Club
info@sing4business.co.uk,Sing 4 Business
info@southendpeers.co.uk,Southend Peers
info@staffordshirechambers.co.uk,Chamber of trade  - Staffordshire
info@suffolkchamber.co.uk,Chamber of trade  - Suffolk
info@surrey-chambers.co.uk,Chamber of trade  - Surrey
info@sussexchamberofcommerce.co.uk,Chamber of trade  - Sussex
info@sussexcricket.co.uk,Sussex Cricket The Boundary Club
info@talknetworking.co.uk,Talk Networking
info@tastebudscollective.co.uk,Tastebuds Collective
info@techeast.com,Tech East
info@the-plan-network.co.uk,The Plan Business Networking
info@theafterworkclub.co.uk,The After Work Club
info@thebusinessmindet.co.uk,BNI - BNI Cathedral (Northern Ireland)
info@thecobraclub.co.uk,Cobra Club
info@thecreativecollectivenetworking.co.uk,The Creative Collective
info@thefarmernetwork.co.uk,The Farmer Network - Cumbria
info@thefocuscollection.co.uk,Focus Business Club
info@thegiraffenetwork.co.uk,The Giraffe Network
info@thegolfconnection.co.uk,The Golf Connection
info@thehrnetworkem.co.uk,The HR Network
info@theluxurynetwork.co.uk,The Luxury Network
info@themidlandsbusinessnetwork.co.uk,Midlands Business Network
info@thenetwork-group.com,The Network Group
info@thenorthernaffinity.co.uk,The Northern Affinity
info@theownersnetwork.co.uk,The Owners' Network (TON)
info@thepottersclub.co.uk,The Potters Club
info@thetribenetwork.co.uk,The Tribe Network
info@ukcurryconnect.co.uk,UK Curry Connect
info@wabf.org.uk,Woking Asian Business Forum
info@waleshrnetwork.cymru,Waleshrnetwork.cymru
info@wcnwchamber.org.uk,Chamber of trade  -West Cheshire & North Wales
info@weareintro.co.uk,LA23NET
info@weybridgenetwork.co.uk,Weybridge Independent Network
info@wirralchamber.co.uk,Chamber of trade  - Wirral
info@wnychamber.co.uk,Chamber of trade  - West & North Yorkshire
info@womenahead.co.uk,Women Ahead Dundee and Angus
info@womeninhealthcare.co.uk,Women in Healthcare UK
info@wru.wales,WRU Business Club
info@yawnmarketing.co.uk,The Marketing Meetup - Norwich
info@yorbusinessevents.co.uk,YORBusiness
info@yourpartnerships.co.uk,Your Partnerships
info@yvonnedenman.net,Genuine Networking
information@emc-dnl.co.uk,"Chamber of trade  - East Midlands (Derbyshire, Nottinghamshire, Leicestershire)"
infouk@ashoka.org,Ashoka
interactnetworking@gmail.com,Interact
invites@londonfintechs.com,LondonFintechs
iod.eastmidlands@iod.com,The Institute of Directors - Derbyshire & Nottinghamshire
iod.northwest@iod.com,The Institute of Directors - Cheshire
iod.scotland@iod.com,The Institute of Directors - Aberdeen & Grampian
iod.south@iod.com,The Institute of Directors - Berkshire
iod.southwest@iod.com,The Institute of Directors - South West
iod.westmidlands@iod.com,The Institute of Directors - Black Country & Staffordshire
iod.yorkshire@iod.com,The Institute of Directors - East Yorkshire
j.love@gardiner.com,Women in Property - Central Scotland
jacquedrain@lovebiznetworking.co.uk,LoveBiz Networking Three Spires Community
jacqueline.rogers@theathenanetwork.com,The Athena Network
jade.hawksworth@footanstey.com,Women in Property - Solent
james.bruce@stylesandco.co.uk,Fore Business - Warrington
james.roper@sjpp.co.uk,Fore Business - Ipswich
james.weaver@wpa-hcp.org.uk,Fore Business - Cheltenham
james@scurfieldandassociates.co.uk,Fore Business - Brentwood
james@thebetterbusiness.network,Better Business Network
james@theonle.network,ONLE
jamie@circlenetworks.co.uk,Circle Networks
jamie@scotsafepropertysolutions.co.uk,BNI - Aberdeen North
jane.fillis@harrison-drury.com,Women in Property - Lancashire & Cumbria
janine@femalebusinessnetwork.co.uk,Female Business Network
jason.yeawood@thebusinessclubs.co.uk,TBC - Cambridgeshire - Sue Ryder Thorpe Hall Hospice Group
jason@pocketbox.co.uk,BITA - Birmingham
jayson.gurney@darlingtonbusinessclub.co.uk,Darlington Business Club ltd
jeff.tucker@traksolutions.co.uk,Fore Business - Swindon
jenni@sterlingnetworks.co.uk,Sterling - Gloucestershire
jennie@eventraptor.com,Speaker Connections
jenny@aspireaccounts.com,Fab Networking Group Atherton (Friends & Business)
jenny@real5networking.com,Real5 Networking - Knowsley
jfgwells57@gmail.com,The Sun Network
jill@orbuk.org,ORB - Organisation for Responsible Businesses
jim@nustrategy.co.uk,Club FIVE55
jim@printlord.co.uk,Big Business Breakfast Club - Various Venues
jim@real5networking.com,Real5 Networking - St Helens
jimmy.drew@derbyshireccc.com,Derbyshire Cricket Club 1870 Business Club
jo.barber@seeing-social.co.uk,Rebel Meetups (Oxford)
jo@howdoesshedoit.life,How Does She Do It
joanna.price@iod.com,The Institute of Directors - Mid Wales
joanne.sumner@theathenanetwork.com,The Athena Network
joanne@joannedewberry.co.uk,Joanne Dewberry
jodes@platformthirty1.com,Platform Thirty1
joe@themarketingmeetup.com,The Marketing Meetup
john@greasley.co.uk,Fore Business - Wolverhampton
johnyoung@johnyounggroup.co.uk,Fore Business - Edinburgh
jon@businessconnectpublishing.co.uk,Business Connect
jonathan@llani.wales,Llanidloes Networking
jonnyuzumaki@gmail.com,Fore Business - Leicester
joshua.miles@fsb.org.uk,FSB (Federation of Small Businesses) - Wales
judith@evimero.ltd,Grow Her Business
julia@bwsltd.co.uk,BWC (Business Women Connections)
juliecameron@lovebiznetworking.co.uk,LoveBiz Networking Arden Community
karan.wilson@wibn.co.uk,Women In Business Network - Bury St Edmunds
karen.durcan@fsb.org.uk,FSB (Federation of Small Businesses)
karen@bncel.co.uk,The Business Network Central & East Lancashire
karen@bwcaberdeen.co.uk,BWC Aberdeen
kate.cherry@theathenanetwork.com,The Athena Network - Athena Welwyn-Hatfield
katherine.vass@wibn.co.uk,Women In Business Network - Canterbury
katherine@popconnect.net,POP Connect
katherine@screenpop.club,ScreenPop
kathy.thomas@northern-consortium.org.uk,Northern Housing Consortium
katrina@business-buzz.org,Business Buzz - Essex
kay@horncastlerecruitment.co.uk,Horncastle Networking Group (recruitment)
keith.griffiths@built-environment-networking.com,UKREiiF (The UK's Real Estate Investment & Infrastructure Forum)
kenkennison@hotmail.com,Fore Business - Croydon
kent@cipsbranch.org,CIPS (Chartered Institute of Procurement & Supply) - Kent
kenteast@bni.co.uk,BNI -Ashford
kentwest@bni.co.uk,BNI -BNI Conversion - Kent West
kevin.attwell@bwmltd.org,Fore Business - Chigwell
kevin@root-cause-consultancy.co.uk,Fore Business - Newcastle
kevinmc_donnell@hotmail.com,PPN (Progressive Property Network) - Blackfriars London
kevinmcdonnell@progressivepropertynetwork.co.uk,PPN (Progressive Property Network) - Sheffield
kimmi@melbournbusinessassociation.com,Melbourn Business Association
kirsty@colonynetworking.co.uk,Colony Networking
kirsty@va4mums.co.uk,Networking 4 Mums
lancs-nw@bni.co.uk,BNI - Eden Business Network - Lancashire North West
lc@londonchamber.co.uk,Chamber of trade  - London
leamingtonspa@progressivepropertynetwork.co.uk,PPN (Progressive Property Network) - Leamington Spa
lee@revitalise-connect.com,Revitalise Networking Club
leedsjld@outlook.com,LJLD (Leeds Junior Lawyers Division)
leicestershire@business-buzz.org,Business Buzz - Leicestershire & Rutland
leigh@leighkadooka.com,Empower Biz Network
leighashbee@progressivepropertynetwork.co.uk,PPN (Progressive Property Network) - Bournemouth
lesley@networking4essex.co.uk,Networking 4 Essex Women (NEW)
linda@leadershipglobal.com,LeadHerShip Global
lindsay.mcloughlin@theathenanetwork.com,The Athena Network
linsey.luke@fsb.org.uk,FSB (Federation of Small Businesses)
lisa.thomas@parkerandrews.co.uk,Ladies Lunch Plymouth
lisa@lkpersonaltraining.co.uk,Women In Business Network - Hampstead
liverpool@bni.co.uk,BNI -BNI Lima - Liverpool
liverpool@progresspropertynetwork.co.uk,PPN (Progressive Property Network) - Liverpool
liverpoolsouth@real5networking.com,Real5 Networking - Liverpool South
liz@totalbusinessnetwork.com,Total Business Network
london@business-buzz.org,Business Buzz - London
london@cbi.org.uk,The Confederation of British Industry  - London
london@cipsbranch.org,CIPS (Chartered Institute of Procurement & Supply) - Central London
london@iod.com,The Institute of Directors - London
londoncentral@bni.co.uk,BNI -BNI Central - Central London & The City
londoneast@bni.co.uk,BNI -BNI Apollo - London East
londonne@bni.co.uk,BNI -Alliance BNI London NE
londonse@bni.co.uk,BNI - Rendezvous (Hatch End)
lorraine@arena.org.uk,Arena
louise.yexley@wibn.co.uk,Women In Business Network - Ampthill & Flitwick Group
louisemonblat@icloud.com,Lyme Business Network
lucy.lloyd@kilsbywilliams.com,SWLBC (South Wales Ladies Business Club)
lwilliams@effcom.co.uk,Cardiff Breakfast Club
lynne@bwsltd.co.uk,Business Women Connections
m.emery@birmingham-chamber.com,Chambers of Commerce - Greater Birmingham
m.lockett@chamberelancs.co.uk,Chamber of trade  - East Lancashire
mail@issba.co.uk,ISSBA (Ipswich & Suffolk Small Business Association)
mail@londonhr.org,London HR Connection
mail@northernirelandchamber.com,Chamber of Trade Northern Ireland -Chamber of Trade
mail@richardpavey.co.uk,Promise for Business
mailus@talkbusiness.com,Women Talk Business
manchester@bni.co.uk,BNI -Alchemy BNI (Didsbury)
manchester@cipsbranch.org,CIPS (Chartered Institute of Procurement & Supply) - Manchester
mandi@gatwickdiamondbusiness.com,Gatwick Diamond Business
mandie@mandieholgate.co.uk,INsiders
mandie@thebusinesswomansnetwork.co.uk,The Business Woman's Network
mandy@mybeautifulpen.uk,Fab Networking
mansfield@sueford-networking.co.uk,Sue Ford Networking
marc@emjayconsultancy.com,Virtual Power Networking
marcus@artimage.co.uk,BBN (Bay Business Network)
marialawless@signatureassociates.co.uk,BITA - Surrey
mark.brown@gbtevents.co.uk,GBT (Golf & Business Network)
mark@hotseathangout.com,Fore Business - Leatherhead
mark@real5networking.com,Real5 Networking - Warrington East
marti@weebitsocial.com,Wee Bit Social
martyn@periwinkleproperty.com,Fore Business - Chester
mary@highlandrural.com,Women in Property - Highlands & Islands
matt@real5networking.com,Real5 Networking - Mersey Gateway
matthew.robinson@brewin.co.uk,Leicester Hotshots
mawcommitteeni@gmail.com,MAW (Mums at Work Network)
media@enterprisenation.com,Enterprise Nation
meetings@wednesdayclub.org.uk,Wednesday Club
mel@yorkshireladieslinks.co.uk,Yorkshire Ladies Links
melissa@real5networking.com,Real5 Networking - Wirral
memberrelations@iod.com,The Institute of Directors - Hampshire & Isle of Wight
members@peppercorn.biz,Peppercorn Speed Networking
membership@homehouse.co.uk,Home House
membership@iod.com,The Institute of Directors
membership@ipse.co.uk,IPSE (The Association of Independent Professionals)
membership@liverpoolchamber.org.uk,Chamber of trade  - Liverpool
membership@scci.org.uk,Chamber of trade  - Sheffield
membership@somerset-chamber.co.uk,Chamber of trade  - Somerset
membership@theconduit.com,The Conduit
merseyside@cipsbranch.org,CIPS (Chartered Institute of Procurement & Supply) - Merseyside
mia.mulquin@fsb.org.uk,FSB London Bootcamp  Spring Into Success
michael.chisholm@scottishfa.co.uk,Scottish FA Business Club
michael.duale@sjpp.co.uk,Fore Business - Norwich
michael@askmjs.co.uk,Fore Business - Leeds
michael@freshwalks.co.uk,Fresh Walks
michael@fusedhealthandsafety.co.uk,Fore Business - Preston
michael@melvincreative.co.uk,The Association
michelle@imsinternet.co.uk,The Empowering Entrepreneur
michelleullyott@lovebiznetworking.co.uk,LoveBiz Networking Leger Saint Don Community
midlands@cbi.org.uk,The Confederation of British Industry  - Midlands - Birmingham
midlands@cipr.co.uk,Chartered Institute of Public Relations - Midlands
mike.orchard@hotmail.com,Fore Business - Swanley
mikechadwick@progressivepropertynetwork.co.uk,PPN (Progressive Property Network) - South Manchester
miltonkeynes@progressivepropertynetwork.co.uk,PPN (Progressive Property Network) - Milton Keynes
mk@business-buzz.org,Business Buzz - Buckinghamshire
mojogee@progressivepropertynetwork.co.uk,PPN (Progressive Property Network) - Leeds
mummyonabreak@outlook.com,YaaMas Networking
natalie@whitcombehr.co.uk,BITA - Kent
neil.eames@fsb.org.uk,FSB (Federation of Small Businesses) - East of England
neil@businessgrowthclub.net,Business Growth Club
network@cornerstone-northants.org,Cornerstone
networking@iwant2network.com,I Want 2 Network
neurotech4health@gmail.com,Fore Business - West Bromwich
nick.searle@finecal.co.uk,Fore Business - Taunton
nick@progressint.com,Fore Business - Goodwood
nick@zoconetworking.co.uk,Zoco Networking Group
nicki.burgess@lbhf.gov.uk,H&F (Hammersmith & Fulham)
nicky.brock@carterjonas.co.uk,Women in Property - Thames Valley
nicky@thegrowthcommunity.co.uk,The Growth Community
nifo@agcc.co.uk,Chamber of trade  - Aberdeen
nigel@bforb.co.uk,BforB Networking Clubs
norfolk@bni.co.uk,BNI -Ambition Norwich
north.west@cbi.org.uk,The Confederation of British Industry  - North West
northamptonshire@business-buzz.org,Business Buzz - Northamptonshire
northeast@bni.co.uk,BNI -Affinity BNI - Northumbria
northeast@institute-of-fundraising.org.uk,Chartered Institute of Fundraising - North East
northern.ireland@cbi.org.uk,The Confederation of British Industry  -Northern Ireland
northernireland@cipsbranch.org,CIPS (Chartered Institute of Procurement & Supply) -Northern Ireland
northlancs@cipsbranch.org,CIPS (Chartered Institute of Procurement & Supply) - North Lancashire
northofscotland@cipsbranch.org,CIPS (Chartered Institute of Procurement & Supply) - North of Scotland
northumberland@thefarmernetwork.co.uk,The Farmer Network - Northumberland
northumbria@cipsbranch.org,CIPS (Chartered Institute of Procurement & Supply) - Northumbria
northwales@bni.co.uk,BNI - Spectrum - North Wales
northwest@bni.co.uk,BNI -BNI Alpha - Liverpool
northwest@institute-of-fundraising.org.uk,Chartered Institute of Fundraising - North West
norwichkittynetworking@gmail.com,Norwich Kitty Business Networking Group
notiesnw2015@gmail.com,No Ties Networking
office@buylocalnorfolk.org.uk,Buy Local Norfolk
office@cardiffbusinessclub.org,Cardiff Business Club
office@generationsworkingtogether.org,Generations Working Together
office@youthscotland.org.uk,Youth Scotland
operations@wibf.org.uk,WIBF (Women in Banking & Finance)
owc@humber-marine-renewables.co.uk,Humber Marine Renewables
oxford@progressivepropertynetwork.co.uk,PPN (Progressive Property Network) - Oxford
oxfordshire@bni.co.uk,BNI -Academy (Oxford)
oxfordshire@business-buzz.org,Business Buzz - Oxfordshire
p.heathcote@theyorkshiresociety.og,The Yorkshire Society
pa.joannesumner@theathenanetwork.com,The Athena Network
pandc@cipsbranch.org,CIPS (Chartered Institute of Procurement & Supply) - Peterborough & Cambridge
paul.beck@appliedls.co.uk,Chiltern Business Connections
paul.davies@debtcol.co.uk,Fore Business - Southampton
paul.lawton@business-matching.co.uk,BMUK
paul.livingstone@nof.co.uk,NOF
paul.williams@secureinheritance.co.uk,Fore Business - Liverpool
paul@bita.ie,BITA - London
paul@bnidorset.co.uk,BNI Dorset
paul@buscomm.co.uk,The Business Community
paul@connectsurrey.com,Connect Surrey
paul@dermodyowen.co.uk,Fore Business - Nottingham
paul@insanetech.net,BNI Pioneer Online
paul@kehorne.co.uk,Cross Reference Networking
paul@newheritageinteriors.co.uk,Fore Business - Witney
paul@printdesignteam.co.uk,Fore Business - Birmingham
paul@uscita.co.uk,Fore Business - Knutsford
paulsmith@bni.com,BNI Marina
peter.hudson62@yahoo.com,Fore Business - Welwyn Garden City
peter.warr2@battbroadbent.co.uk,Fore Business - Bath
peterborough@progressivepropertynetwork.co.uk,PPN (Progressive Property Network) - Peterborough
pfitzsimmons@wilfordsmith.com,BNI Fusion Warrington
phil.pugh@business-matching.co.uk,BMUK
philgchappell60@gmail.com,Fore Business - Reading
philip@hysons.co.uk,Fore Business - Basingstoke & Newbury
pjb@boltonservices.co.uk,The Aylesbury Group (TAG)
president@abw.org.uk,ABW (Ayrshire Business Women)
president@asb-scotland.org,ASB (Association of Scottish Business Women)
press@cips.org,CIPS (Chartered Institute of Procurement & Supply)
preston@progressivepropertynetwork.co.uk,PPN (Progressive Property Network) - Preston & Fylde
publicrelations@womeninproperty.org.uk,Women in Property
quintin@accendoaccountants.co.uk,Fore Business - Cardiff
rachael@engage5.co.uk,Women in Property - North West
rachel.gilbert@wibn.co.uk,Women In Business Network - Billericay & Basildon
rachelholmes@harrisevolution.com,Women in Property - South West
rebecca@getaheadva.com,Get Connected
reception@devonchamber.co.uk,Chamber of trade  - Devon
request@leadingedgebusiness.co.uk,Leading Edge Business Networking
requisition@swan.io,SWAN
rhianne.mordecai@wibn.co.uk,Women In Business Network - Caerphilly
rhiannon.peploe-williams@blakemorgan.co.uk,Women in Property - South Wales
rich@hmbiz.co.uk,Herefordshire Means Business
richard@nexcen.co.uk,Fore Business - Bristol
richardssue351@gmail.com,KCC Networking
rob.cornford@mytrustedwills.co.uk,Fore Business - Leamington Spa
rob@businessgrowth-strategies.com,Fore Business - Bournemouth
robin@rcla.co.uk,Fore Business - Benfleet (South Essex)
rose@gen-e-networking.com,Gen-e-Networking
rosemary@scottishpanetwork.com,Scottish PA Network
rosie.diver@wibn.co.uk,Women In Business Network - Chester
ru.howard@wibn.co.uk,Women In Business Network - Bolton
russellt@sbn.scot,Scottish Business Network
ruth@wibn.co.uk,Women In Business Network
s.noble@electrofitsolutions.org,UNO - BNI Dunstable
sage.kuo@mygwork.com,myGwork
sales@esgnetwork.co.uk,ESG Network
sales@omnilocalbusinessnetworking.com,The Omni Business Development Network
salesmanager@thedartmouthhotel.co.uk,Fore Business - Dartmouth
sam.beesley@sjpp.co.uk,Fore Business - Bedford
sam.thomas@countybusinessclubs.co.uk,County Business Clubs
sam@conex-portal.co.uk,ConeX Portal Ltd
sam@sam-networking.co.uk,SAM Networking Ltd
samantha.lawton@wibn.co.uk,Women In Business Network - Chiswick
samra@nottinghamwomenscentre.com,Nottinghamshire Women's Centre
samturton@bni.com,BNI South Wales
sara@4nonline.biz,4N Online
sarah@asandwhenadmin.co.uk,She's The Business
sben@staffordshire.gov.uk,SBEN (Staffordshire Business & Environment Network)
scotland@cbi.org.uk,The Confederation of British Industry  - Scotland
scotlandnorth@bni.co.uk,BNI - Energy (Aberdeen)
sean.mcneill@offshoresolar.co.uk,BITA - South West (Devon)
sean@fore-business.com,Fore Business
sean@simplymagic.co.uk,BNI The Mighty Nelson
sean@trustedbusinesscommunity.com,Trusted Business Community
secretary@exeterbusinessclub.co.uk,Exeter Business Club
secretary@glasgowbusinessclub.co.uk,Glasgow Business Club
secretary@mbwc.org.uk,Moray Business Women
secretary@standrewsbusinessclub.co.uk,St Andrews Business Club
shai@virtuallythere.co,BNI - Thomas Telford (Telford)
sharon@womensbusinessnetwork.co.uk,Womens Business Network Limited
sharon@yaba.uk.com,yaba (Yorkshire Asia Business Association)
shropshire@bni.co.uk,"BNI - Nova (Newport, Telford)"
shwmae@cynnalcymru.com,Cynnal Cymru
sigriddekaste@gmail.com,Global Virtual Networking LIVE on LinkedIn
simon.edmondson@business-network.co.uk,The Business Network - Chester
simon.millar@albanwiseinsurance.co.uk,Monopoly Network
simon@bni.com,BNI  - Head Office
simon@business-network.co.uk,The Business Network - Birmingham
simon@knibbs.co.uk,TC (Trusted Contacts)
simon@thechw.co.uk,Connect & Collaborate (Telford)
smalik@yorkshirenetwork.co.uk,Yorkshire Enterprise Network
smallbizbigchat@gmail.com,Small Biz Big Chat
socialmedia@harrogatebusinessgroup.com,Harrogate Business Group
somerset@bni.co.uk,BNI -BNI Concorde - Somerset
south.wales@cipsbranch.org,CIPS (Chartered Institute of Procurement & Supply) - South Wales
south.west@cbi.org.uk,The Confederation of British Industry  - South West
southlakes@cipsbranch.org,CIPS (Chartered Institute of Procurement & Supply) - South Lakes
southlondon@cipsbranch.org,CIPS (Chartered Institute of Procurement & Supply) - South London
southofengland@cipsbranch.org,CIPS (Chartered Institute of Procurement & Supply) - South of England
southwest@bni.co.uk,BNI -BNI Parade (Bath)
southwest@institute-of-fundraising.org.uk,Chartered Institute of Fundraising - South West
southyorkshire@cipsbranch.org,CIPS (Chartered Institute of Procurement & Supply) - South Yorkshire
stephanie@networkb2b.co.uk,Network B2B
stephen@motivationmatters.co.uk,Expert Circles Global
steve@4nonline.biz,4N Online
steve@cagedfish.co.uk,Working Breakfast
steve@customer-journey.io,Fore Business - Ormskirk
steve@holezerogolf.co.uk,Fore Business - Doncaster
steve@steveball-recruitment.co.uk,Fore Business - Hull
steve@topmarquesuniforms.co.uk,N4B (Networking4breakfast)
stevenjinnes@hbhy.co.uk,Fore Business - Aberdeen
stratford@progressivepropertynetwork.co.uk,PPN (Progressive Property Network) - Stratford London
sue@catchdesigns.co.uk,Thirsty Thursday
suecrooks@lovebiznetworking.co.uk,LoveBiz Networking Impact Executive
suffolk@bni.co.uk,BNI -BNI Legend - Suffolk
suffolktechnetwork@gmail.com,ISTN (Ipswich & Suffolk Tech Network)
sukdosanjh1@gmail.com,Women in Property - South East
support@1networking.biz,1N
support@afvbc.com,AFVBC (Armed Forces & Veterans Breakfast Clubs)
support@bni.com,BNI South Wales
support@close-focus.co.uk,BNI - BNI Erimus (Belfast)
support@elitebusinessacademy.co.uk,Elite Business Academy
support@entrepreneurscircle.org,Entrepreneurs Circle
support@goconnections.net,Go Connections
surrey@cipsbranch.org,CIPS (Chartered Institute of Procurement & Supply) - Surrey & Sussex
susie.sprigg@wibn.co.uk,Women In Business Network - Altrincham
susie@zestyproperties.co.uk,Wrexham Property Meet
sussex_east@bni.co.uk,BNI -1st Eastbourne BNI
suzie@platinumwave.co.uk,EWIF
suzy@uniqueladies.co.uk,Unique Ladies Networking
swindon@business-buzz.org,Swindon Buzz
talktous@thegrowthhub.biz,The Growth Hub
team@cityladiesnetworking.com,City Ladies Networking
team@forwardthinking.com,Forward Thinking
team@networkin.uk,Network In
team@profusion.live,Profusion
team@theteamnetwork.co.uk,The Team Network
team@westminsterbc.org.uk,Westminster Business Council
terry@all1network.com,All 1 Network
thames.valley@cipsbranch.org,CIPS (Chartered Institute of Procurement & Supply) - Thames Valley
thebusinessnestuk@gmail.com,The Business Nest
themidlands@fsb.org.uk,FSB (Federation of Small Businesses) - East Midlands
tim.whiston@ismeandco.com,Is Me & CO
tim@bni-lne.com,BNI Alliance
tim@collaboratemk.co.uk,Collaborate MK
tim@golfmanagementgroup.co.uk,Fore Business - Watford
timea.kadar@gmail.com,London Business Society
tina.duggan@bobnetworking.co.uk,BoB Networking
toastnetworking@gmail.com,Toast Networking
toby.pawson@conceptvehicleleasing.co.uk,Fore Business - Cobham
tom@onefoursix.co.uk,Fore Business - Northampton
tom@themusselclub.co.uk,The Mussel Club
tom@websir.co.uk,Fore Business - Thame
toni@quantumvantage.co.uk,Quantum You
tony@lockfit.co.uk,Fore Business - Shirley
tony@thebchey.net,The Business Culture HEY
tori@torideslauriers.com,Women In Business Network - St Albans &amp; Hatfield Group
tracey.young@ciltuk.org.uk,CILT (Chartered Institute of Logistics and Transport)
tracey@weareinbusiness.co.uk,We are In Business
tracy@b2blunchclub.co.uk,B2B Lunch Club
treehousetribenetworking@gmail.com,Treehouse Tribe Networking
trevorellse@gmail.com,Fore Business - Canterbury
val@ladyvalnetwork.biz,Lady Val's Professional Women's Network
vicki.messenger@wibn.co.uk,Women In Business Network - Marlow
vickie@developher.co.uk,DevelopHER
voice@lbv.co.uk,Leicestershire Business Voice
wakefield@actioncoach.co.uk,The GrowthNETWORK with ActionCOACH Wakefield Business Coaching
wales@cbi.org.uk,The Confederation of British Industry  - Wales
warwickfinancesoc@gmail.com,Warwick Finance Societies
warwickshire@business-buzz.org,Business Buzz - Warwickshire
wayne.henderson@me.com,Fore Business - Dundee
website@birmingham-chamber.com,Asian Business Chamber of Commerce
website@blackcountrychamber.co.uk,Chamber of trade  - Black Country
wellingborough@business-buzz.org,Business Buzz Wellingborough
wessex@cipr.co.uk,Chartered Institute of Public Relations - Wessex
west.wales@cipsbranch.org,CIPS (Chartered Institute of Procurement & Supply) - West Wales
westmidlands@institute-of-fundraising.org.uk,Chartered Institute of Fundraising - West Midlands
westofengland@cipsbranch.org,CIPS (Chartered Institute of Procurement & Supply) - West of England
westofscot@cipsbranch.org,CIPS (Chartered Institute of Procurement & Supply) - West of Scotland
wibse@cibse.org,WiBSE (Women in Building Services Engineering)
wigan@real5networking.com,Real5 Networking - Wigan
will.clayton@constantinelaw.co.uk,Fore Business - Crewe
wilmslow@real5networking.com,Real5 Networking - Wilmslow & Alderley Edge
winse@businessfives.com,Business Sevens
womeninthelawuk@gmail.com,Women in the Law UK
worcester@progressivepropertynetwork.co.uk,PPN (Progressive Property Network) - Worcester
xander@bnidirector.com,Brixton BNI
yorkshire_east@bni.co.uk,BNI -Aspire BNI (Hull)
yorkshire_north@bni.co.uk,BNI -Abundance BNI (Harrogate)
yorkshire.humber@cbi.org.uk,The Confederation of British Industry  - Yorkshire & Humber
yorkshire@bni.co.uk,BNI -Synergy BNI Barnsley
yorkshire@cipsbranch.org,CIPS (Chartered Institute of Procurement & Supply) - Yorkshire
yorkshire@institute-of-fundraising.org.uk,Chartered Institute of Fundraising - Yorkshire
your@necc.co.uk,Chamber of trade  - North East
zoe.rines@3-sphere.co.uk,London Development Network (LDN)
zoe@zoejphoenix.com,Womenpreneur Collective
info@britishchambers.org.uk,British Chambers of Commerce (National)
info@neechamber.co.uk,North East Chamber of Commerce
media@citysikhs.org.uk,City Sikhs (media)
support@4nonline.biz,4Networking
info@intouchnetworks.com,In Touch Networks
andrew@sybn.co.uk,South Yorkshire Business Networking
admin@kingstreetstudios.co.uk,Connects Network (Staffordshire)
businessteam@nottscc.gov.uk,Nottinghamshire Business Support
customercare@progressiveproperty.co.uk,Progressive Business Network
info@sterlingnetworks.co.uk,Sterling Networks
admin@networkb2b.co.uk,Network B2B
centralservices@bforb.co.uk,BforB – Business for Breakfast UK
admin@spe.org.uk,Society of Professional Economists
cardiff@creativemornings.com,Cardiff Start
contact@meetanet.com,Meetanet + Meetup pages
contact@uknetworker.co.uk,UKNetworker
info@business-matching.co.uk,Business Matching UK
info@lovebusinesseastmidlands.com,Love Business Networking (East Midlands)
enquiries@professionalsuk.co.uk,Professionals UK
lyndsey@meredithcs.co.uk,Network Cheshire
caitlin@youronlinemechanic.co.uk,Strategic Alliance Network (Stockport)
amjad@comms-byte.com,Stockport Business Club
sbp@anme.co.uk,Association of Network Managers in Education (ANME)
info@nnoss.co.uk,National Network of Special Schools SBPs
info@thetrustnetwork.org.uk,The Trust Network
info@down2business.org,Down2Business Plymouth
yournetwork@mencap.org.uk,Your Network
info@connectyorkshire.org,Connect Yorkshire
info@yorkshirenetwork.co.uk,Yorkshire Enterprise Network (YEN)
info@yorkshireinbusiness.org.uk,Yorkshire in Business
events@theyorkshiremafia.com,The Yorkshire Mafia
biz@visitnorthyorkshire.com,Visit North Yorkshire
business.newsletter@northyorks.gov.uk,Yorkshire in Business Network - Scarborough
info@coworkwhitby.co.uk,Cowork Whitby Monthly Socials
cassie@cfatax.co.uk,Barco business club
customer.services@northyorks.gov.uk,The Honest Business Club - February
support@ynygrowthhub.com,YNY Growth Hub
chiefexec@harrogatechamber.co.uk,Harrogate District Chamber of Commerce
info@biskit.co.uk,Connect over a cuppa
csdeventsupport@fsb.org.uk,SUPERNetworking – York & North Yorkshire
lwbusinessnetwork@gmail.com,Wensleydale Business Network
info@thirstythursdaystokesley.co.uk,Thirsty Thursdays
hello@dalesbusinesswomen.co.uk,Dales Business Women
info@communityfirstyorkshire.org.uk,Community First Yorkshire – Network Events
jane@daltonspire.co.uk,East Yorkshire Business Expo
aic.aura@hull.ac.uk,Networking Business Breakfast (University of Hull)
skillshub@heybusinessgrowthskillshub.com,HEY Skills Network
info@driffield-business.co.uk,Driffield Business Club
hello@c4di.net,C4DI
business.support@eastriding.gov.uk,EYRC Events
phil@pmbd.co.uk,Island Networking – Sheffield & Rotherham
events@scci.org.uk,South Yorkshire Chamber
info@sheffieldbusinesstogether.org.uk,Sheffield Business Together
info@hcfoundation.org.uk,The Business Colab
elias.dayub@aspray.com,Grafters - Croyden
paulm@lancschamber.co.uk,North & Western Lancashire Chamber of Commerce
contact@dealsourcingnetwork.co.uk,Deal Sourcing Network
clerks@landmarkchambers.co.uk,Landmark Chambers
training@leedsmind.org.uk,Leeds Mind
paul@brighterthinking.co.uk,Brighter Thinking Ltd
info@thecuriousowl.co.uk,The Curious Owl
youth.council@instituteofhospitality.org,Institute of Hospitality
membership@hospitalitytitans.co.uk,Hospitality Titans
hello@festivalofhospitality.live,Festival of Hospitality
hrtechuk@closerstillmedia.com,HR Technologies UK
marketing@regen.org.uk,Halifax Opportunites Trust
hello@thestartupnetworks.co.uk,Startup Networks
honleybusinessassociation@gmail.com,Honley Business Association
teams@networkin.uk,NetworkIN
info@networknotwork.co.uk,netWORK notWORK
business@redcar-cleveland.gov.uk,Business Redcar Cleveland
hello@inclusivebytes.org,Inclusive Bytes
jason@socialchaos.uk,Social Chaos
sam@platformthirty1.com,Platform Thirty1
inetwork@tameside.gov.uk,iNetwork
info@gmecn.org.uk,GMECN
neuronetworkmcr@calmhorizoncoaching.co.uk,Calm Horizon Coaching
rosjones@businesswellbeing.club,The Business Wellbeing Club
info@louthbusinessclub.com,Louth Business Club
events@spirebarristers.co.uk,Spire Barristers
businessinfo@northlincs.gov.uk,Invest in North Lincolnshire
support@batleyentrepreneurshipclub.com,Batley Entrepreneurship Club
info@womeninbusinesshull.co.uk,Women in Business Hull
hello@thebchey.net,The Business Culture
goolebusinessgroup@gmail.com,Goole Business Group
community@heysmilefoundation.org.uk,Hey Smile Foundation
rosie.guenzel@warekay.co.uk,Rosie Guenzel
info@socialprogress.co.uk,Social Progress
me@audriewoodhouse.com,Audrie Woodhouse - Honestly Speaking
claire.bentley@isonharrison.co.uk,Ison Harrison
investhull@hullcc.gov.uk,Invest Hull
hello@tedco.org,Tedco
support@b2bexpos.co.uk,B2B Expos
info@sirius-hull.co.uk,Sirius
info@ridobusinesscentres.co.uk,Rido Business Centres
info@torquelaw.co.uk,Torque Law
neal.purvey@b2bexpos.co.uk,Basingstoke Business Expo
julie.corlett@b2bexpos.co.uk,Basingstoke Business Expo
mike@b2bexpos.co.uk,Brighton Business Expo
matthew@b2bexpos.co.uk,Farnborough Business Expo
gary@b2bexpos.co.uk,Portsmouth Business Expo
katherine@b2bexpos.co.uk,Portsmouth Business Expo
sales@britishmarine.co.uk,Southampton International Boat Show
exhibiting@southamptonboatshow.com,Southampton International Boat Show Exhibiting
info@tradeshowsuk.com,Trade Shows UK
hello@experiumagency.com,Experium Trade Shows
admin@ukgrandsales.co.uk,UK Grand Sales Exhibition Guide
hwestwell@oeuk.org.uk,OEUK Share Fair
info@necgroup.co.uk,National Convenience Show (NEC)
chantellew@max-publishing.co.uk,London International Stationery Show
sales@hubexhibitions.co.uk,Space-Comm Expo (Hub Exhibitions)
info@btob-events.co.uk,BtoB Events
business-events@visitbritain.org,VisitBritain Business Events
115thfife@gmail.com,115th Fife Scout Group
info@2020-recruitment.com,2020 recruitment
info@360hire.events,360 Event Hire
adhdmediauk@gmail.com,ADHD Media UK
alfordgarage@outlook.com,Alford Garage
support@igeenet.com,Barty's
bearfootcomedyclub@gmail.com,Bearfoot Comedy
franki@beemortgagewise.co.uk,Bee Mortgage Wise
hello@beessauna.com,Bee's Sauna
solutionpubco@mail.com,Betty Nicols
reception@bliss-beauty.net,Bliss Beauty
steven_ray@hotmail.co.uk,Braveheart MMA
brennacmcneillsocialmedia@gmail.com,Brenna McNeill Social Media
mcleancoffeelted@gmail.com,Brew Beginning
info@bridgesclean.com,Bridges Cleaning & Hygiene
callumrobertson.fd@hotmail.co.uk,Callum Robertson Funeral Directors
enquiries@carpediemevents.co.uk,Carpe Diem Marquees And Events Limited
nutrition@carrietemple.com,Carrie Temple Nutrition
dawn8230@sky.com,Dawn's Doggy Adventures
fifebathrooms@gmail.com,Fife Bathrooms
everyoneeveryday@corra.scot,"Everyone, Every Day"
info@fifeitsupport.co.uk,Fife IT Support
sales@fireandlightning.co.uk,Fire & Lightening
gduffyconsultancy@gmail.com,G Duffy Consultancy
hayleymatthewsart@gmail.com,Hayley Matthews Art
admin@homestartkirkcaldy.org.uk,Home-Start Kirkcaldy
hello@insideandout.co.uk,Inside & Out Digital
sales@k107.co.uk,K107 FM
nutritioneighty@yahoo.com,Kingdom Nutrition
lorraprinted@gmail.com,Lorra Printed
lorracreations@gmail.com,Lorra Creations
m.abodyshop@outlook.com,M.A Bodyshop
niki@nikipatersondesign.com,Niki Paterson Design
bill@businesswingman.co.uk,Precision Presentation
info@singletrackbikes.co.uk,Singletrack Bikes
soleandbodywork1@gmail.com,Sole and Body Work
hello@somervillestreetstudio.co.uk,Somerville Street Coworking Studio
glenis@stravara.co.uk,Stravara Consulting
ukguestcare@rgsalons.com,Supercuts UK
hello@ventersproperty.com,Venters Property
tania@beheardbebravebefree.com,V N Platform Consultancy
weecarpetshoppe@aol.com,The Wee Carpet Shoppe
info@migratedata.co.uk,Migrate Data
ahsanansari4773@gmail.com,Motion Graphics Design
info@rlvmortgages.co.uk,RLV Mortgages
info@solsure.co.uk,Solsure
pittmainaddiction@yahoo.com,Pittmain Addiction
matt@thepartypigs.co.uk,The Party Pigs
info@petaleflowerboutique.com,Petale Flowers
info@marylebonesmileclinic.co.uk,Marylebone Smile Clinic
hello@fabshuttersandblinds.co.uk,Fab Shutters and Blinds
shuttersbythesea@outlook.com,Shutters By The Sea
enquiries@momentousrelocation.co.uk,Momentous Relocation
ugnius@rufus.taxi,Rufus Taxi
info@computerhelps.co.uk,Computer Helps
admin@beachifa.co.uk,Beach IFA
hello@hudsonsproperty.com,Hudsons Property
info@curasurveys.co.uk,Cura Surveys Ltd
contact@wavestaffing.co.uk,Wave Staffing
info@reflectionscleaningservices.co.uk,Reflections Cleaning Services
laurence@bludiamondservices.com,Blu Diamond Services
sales@premiergt.com,Premier GT Ltd
web.enquiry@kerrcompressors.co.uk,Kerr Compressor Engineers
service@john-haynes.com,John Haynes Mercedes
help@elsbyandco.co.uk,Elsby and Co
info@coodentaxconsulting.co.uk,Cooden Tax Consulting
info@patinasofas.com,Patina Sofas
info@wearecrystalclear.co.uk,Crystal Clear Maintenance
info@hodsonandco.co.uk,Hodson & Co
info@surveyorsorted.co.uk,Surveyor Sorted
damian@gardensofdistinction.uk,Garden of Distinction
info@rideexecutivebristol.com,Ride Executive Bristol
domestic@ekems.co.uk,EKEMS
contact@turfsuppliesessex.co.uk,Turf Supplies Essex
kmorza@envoyconsultingltd.uk,Envoy Consulting Ltd
denise.hopkins@hotmail.co.uk,Solutions Therapy
helpmepestcontrol@hotmail.com,Help Me Pest Control
info@westwingsolicitors.co.uk,Westwing Solicitors
plasteringadp@gmail.com,Alpinen Daries Plastering
info@eligaconsultancy.com,Eliga Consultancy
info@bathkitchenlondon.com,BathKitchen Revonation
info@clearifa.com,Clear IFA
hello@klrinstallations.co.uk,KLR Installations
edwardelectrify1@proton.me,Sunrise Electricfy
info@hbsurv.co.uk,Henderson Building Surveyors
info@home-mot.co.uk,Home Mot
info@clydeside-surveys.co.uk,Clydeside Surveys Ltd
info@bestrollergaragedoors.co.uk,Best Roller Garage Doors
bonniepaving@yahoo.com,Bonnie Paving and Landscaping
forestoakconstruction@gmail.com,Forest Oak Construction
info@luminarchitects.com,Lumin Architects
info@thecorporatedoorcompany.co.uk,CDC Garage Doors
info@beautysalonequipment.co.uk,Beauty Salon Equipment
modernessexroofing@gmail.com,Modern Essex Roofing Ltd
info@downlandgardenrooms.com,Downland Garden Rooms
info@hallmarkdriveways.com,Hallmark Driveways
sales@ecostar-renewables.co.uk,EcoStar Renewables
hello@beales-electrical.co.uk,Beales Electrical
met@sky.com,MLUXE
info@genesissom.co.uk,Genesis School of Motoring
info@pegrumelectricalltd.co.uk,Pegrum Electrical Ltd
info@leaways.co.uk,Leaways Removals & Storage
enquiries@albaheatandpower.co.uk,Alba Heat and Power
tom@highbillinghurstfarm.com,High Billinghurst Farm
sam@acmsurveying.co.uk,ACM Surveying & Consulting Ltd
info@ecohomerenewables.co.uk,EcoHome Renewables Ltd
info@fec-renewables.co.uk,FEC Renewables Ltd
dave@dxelectrical.com,DX Electrical
lisa@rulerinteriordesign.com,Ruler Interior Design
info.bfesltd@gmail.com,Blackpool & Fylde Electrical Services Limited
info@axoelectrical.com,AXO Electrical Contractors
info@quadratech.co.uk,Quadratech Diagnostics
info@universal-safety.co.uk,Universal Safety Practitioners
tamsintaylorcounsellor@gmail.com,Tamsin Taylor Counselling
info@parallaxcounselling.co.uk,Parallax Counselling
sales@durhamelectrics.co.uk,Durham Electrics and Fire
info@confidenceinfinance.co.uk,Confidence in Finance
enquiry@neuroalignclinic.co.uk,Neuro Align Clinic
righttimept@gmail.com,Right Time PT
info@lessgears.co.uk,Less Gears
sam@radvanjoinery.co.uk,Radvan Joinery
info@personaltrainingdidsbury.com,Personal Training Didsbury
charlie.webb30@gmail.com,AI Consultant Sussex
aj@marshallphotography.co.uk,Marshall Photography
cherrytherapies@gmail.com,Lisa Murphy Counselling & Hypnotherapy
info@nimbusclinics.com,Nimbus Clinics
sleep@scooms.com,Scooms
info@outback365.co.uk,Outback 365
hello@outandaboutcampers.co.uk,Out and About Campers
uk@fitnesseducationonline.com,Fitness Education Online
pacaltd@gmail.com,Paul Anderson Chartered Architect Ltd
kris.soulphotography@gmail.com,Kris Soul Photography
ana@lumosphotovideo.com,Lumos Photography Studio
studio@wisharchitects.co.uk,Wish Architects Ltd
info@aosurveys.co.uk,Anthony Osborne Surveyors Ltd
info@chartwellsurveying.co.uk,Chartwell Surveying
info@lynea.co.uk,Lynea Architects
steven@sklifecoachuk.co.uk,SK LifeCoach UK
hello@timstraining.co.uk,Tim’s Training
anna@digitalplantpot.co.uk,Digital Plant Pot
jack@fakeplasticchairs.co.uk,Fake Plastic Chairs
info@cpl-ltd.com,CPL Ltd
contact@btn-bmc.co.uk,Brighton Biomechanics
info@sturdybuild.co.uk,SturdyBuild
hello@prattdigital.com,Pratt Digital
hello@averysurveys.co.uk,Avery & Co
info@midlandepc.co.uk,Midland EPC
alana@sdpsy.co.uk,Southdowns Psychotherapy
sales@britanniacestrian.co.uk,Britannia Cestrian
customersupport@opencollege.info,Open College UK Limited
info@thewoodpeckerproject.co.uk,The Woodpecker Project
boxoffice@wtm.uk,Worthing Theatres and Museum
office@paulhoda.uk,SEO Expert Paul Hoda
info@adams-it.co.uk,Adams IT Services
neilmacca@icloud.com,Willmore Phillips
mail@rppaccounts.co.uk,Rawlinson Pryde & Partners
sales@seths.co.uk,Seths Estate Agents
enquiries@clementsyoung.co.uk,Clements Young
lettings@turnerscott.co.uk,Turner Scott Lettings
info@artemis.marketing,Artemis Marketing
alex@alexandrawilsoninteriors.co.uk,Alexandra Wilson Interior Design
info@byracheljade.co.uk,By Rachel Jade
info@startcomms.co.uk,Start Communications
info@blackfriarslaw.co.uk,Blackfriars Law
ba@robson-laidler.co.uk,Robson Laidler Accountants
info@innovateml.co.uk,Innovate Mortgages & Loans
info@levisolicitors.co.uk,Levi Solicitors LLP
hampton@firminandco.co.uk,Firmin & Co
office@forresterandco.com,Forrester and Co
info@pa-surveyors.co.uk,PA Surveyors
sales@equityestateagents.com,Equity Estate Agents
info@harveyjohn.com,Harvey John
enquiries@edward-harte.co.uk,Edward Harte Solicitors
contact@integritymortgages.co.uk,Integrity Morgages
info@sussex.mortgage,Sussex Mortgages
info@bennett-griffin.co.uk,Bennett Griffin LLP
finance@graftonbanks.co.uk,Grafton Banks Finance
sales@laptopworkshop.com,Laptop Workshop
enquiries@mhhp.co.uk,MHH Partnership
contact@awcltd.co.uk,Aynesley Walters Cohen
info@payroll-supermarket.com,Payroll Supemarket
info@bettertax.org,Bettertax Tax Refunds
enquiries@uklandlordtax.co.uk,Thandi Nicholls Ltd
info@aminandcoaccountants.co.uk,Amin & Co Accountants
hello@franksaccountants.co.uk,Franks accountants
email@smithbutler.co.uk,Smith Butler Accountants & Business Advisors
catherine@catherinebookkeeping.com,Catherine Bookkeeping Ltd
tim@charlesaccountancy.com,Charles Accountancy
infol@cainandco.co.uk,Cain & Co Bookkeeping Services (UK) Ltd
enquiries@pwhaccountancy.com,PWH Accountancy Ltd
mailroom@amgirling.co.uk,Girlings & Co Chartered Accountants Nottingham
info@eoacc.com,EOACC Ltd
team@focusaccountancy.co.uk,Focus Accountancy Ltd
mail@sarahhefferaccountancy.co.uk,Sarah Heffer Accountancy Ltd
info@1st-stopaccounts.co.uk,1st Stop Accountancy and Tax Services Bristol Ltd
bestadvice@knowleswarwick.com,Knowles Warwick
info@bbaccounting.co.uk,BB Accounting Solutions
info@coalesco.co.uk,Coalesco Accountants
bill.stevenson@wamstaxltd.com,WAMS Tax Ltd
info@acumen-accounting.co.uk,Acumen Accounting
info@hclaccountancy.co.uk,HCL Accountancy Ltd
office@amplusaccountancy.co.uk,AM Plus Accountancy Ltd
info@makesworth.co.uk,Makesworth Accountants
info@completebookkeeping.co.uk,Complete Book-Keeping
vicky@taxenquiryadvice.com,Tax Enquiry Advice
accounts@aphaccountants.co.uk,APH Accountants Ltd
info@pearceaccounts.com,Pearce Accounts Consultancy Services
info@pearlaccountants.com,Pearl Accountants
kit@courtbook-keepingservices.co.uk,Court Book keeping Services
bookkeeping@beckcottage.com,Beck Cottage Bookkeeping
info@nicholsonandco.co.uk,Nicholson & Co Accountancy
adam@aceaccountsconsultancy.co.uk,Ace Accounts Consultancy Ltd
enquiries@sunrisesolicitors.co.uk,Sunrise Solicitors Ltd
info@thedivorcecompany.co.uk,The Divorce Company
info@hattonjameslegal.co.uk,Hatton James Legal
info@lutonfamilylaw.co.uk,Luton Family Law
enquiries@sr-law.co.uk,Simons Rodkin Solicitors LLP
info@britonsolicitors.co.uk,Briton Solicitors
info@donoghue-solicitors.co.uk,Donoghue Solicitors
enquiries@fortunelaw.com,Fortune Law
notary@grewalnotary.co.uk,Grewal Notary
info@csllaw.co.uk,CSL Law
enquiries@cooperhallsolicitors.co.uk,Cooper Hall Solicitors
info@dphlegal.com,DPH Legal
contact@crefovi.com,Crefovi Law Firm
enquiries@knightsshahsolicitors.co.uk,Knights & Shah Solicitors
enquiries@gardandco.com,Gard & Co. Solicitors
enquiries@rotherabray.co.uk,Rothera Bray Solicitors
dani@employmentlegaladvice.co.uk,Cheal Associates Ltd
mail@fredericksolicitors.co.uk,Frederick Solicitors
info@mylegalservices.co.uk,My Legal Services
jenniferlwiss@gmail.com,Jennifer Wiss-Carline
info@lyoncroft.co.uk,Lyon Croft Law
hello@wharfnotaries.com,Wharf Notaries
info@solidaire.co.uk,Solidaire Solicitors
info@notaryservicesltd.co.uk,Notary Services Limited
enquiries@waymanandlong.co.uk,Wayman & Long Solicitors
enquiries@elpamsolicitors.co.uk,ELP Arbuthnott McClanachan
info@leonenotaries.com,Leone & Co Notaries Ltd
info@mjrsolicitors.co.uk,MJR Solicitors
contact@equitablelaw.com,Equitable Law
sharonstonenotary@outlook.com,Sharon Stone Notary Public
mail@isonharrison.co.uk,Cohen Cramer Solicitors
mail@savillenotaries.com,Saville & Co Scrivener Notaries
emma.ireland@ten-percent.co.uk,Interim Lawyers
law@willettsolicitors.com,Willett & Co Solicitors
info@bblfamilylaw.com,BBL Family Law
enquiries@nash.co.uk,Nash and Co Solicitors
enquiries@vhsfletchers.co.uk,VHS Fletchers Solicitors
lesley@marleysolicitors.co.uk,Marley Solicitors
info@edwardamaury.co.uk,Edward & Amaury Solicitors
enquiries@mylondonsolicitors.com,My London Solicitors
